p_date, prediction
2008-08-26, 0
2008-08-27, 0
2008-08-28, 0
2008-08-29, 0
2008-08-30, 0
2008-08-31, 0
2008-09-01, 166.0
2008-09-02, 109.0
2008-09-03, 253.0
2008-09-04, 96.0
2008-09-05, 230.0
2008-09-06, 235.0
2008-09-07, 101.0
2008-09-08, 81.0
2008-09-09, 136.0
2008-09-10, 104.0
2008-09-11, 116.0
2008-09-12, 209.0
2008-09-13, 198.0
2008-09-14, 250.0
2008-09-15, 104.0
2008-09-16, 140.0
2008-09-17, 134.0
2008-09-18, 58.0
2008-09-19, 25.0
2008-09-20, 134.0
2008-09-21, 136.0
2008-09-22, 197.0
2008-09-23, 92.0
2008-09-24, 152.0
2008-09-25, 130.0
2008-09-26, 138.0
2008-09-27, 251.0
2008-09-28, 57.0
2008-09-29, 84.0
2008-09-30, 128.0
2008-10-01, 146.0
2008-10-02, 93.0
2008-10-03, 130.0
2008-10-04, 242.0
2008-10-05, 222.0
2008-10-06, 11.0
2008-10-07, 178.0
2008-10-08, 254.0
2008-10-09, 237.0
2008-10-10, 152.0
2008-10-11, 88.0
2008-10-12, 261.0
2008-10-13, 95.0
2008-10-14, 83.0
2008-10-15, 71.0
2008-10-16, 40.0
2008-10-17, 59.0
2008-10-18, 185.0
2008-10-19, 192.0
2008-10-20, 98.0
2008-10-21, 183.0
2008-10-22, 52.0
2008-10-23, 184.0
2008-10-24, 70.0
2008-10-25, 114.0
2008-10-26, 105.0
2008-10-27, 34.0
2008-10-28, 81.0
2008-10-29, 177.0
2008-10-30, 37.0
2008-10-31, 166.0
2008-11-01, 6.0
2008-11-02, 180.0
2008-11-03, 155.0
2008-11-04, 103.0
2008-11-05, 66.0
2008-11-06, 103.0
2008-11-07, 138.0
2008-11-08, 98.0
2008-11-09, 31.0
2008-11-10, 190.0
2008-11-11, 217.0
2008-11-12, 89.0
2008-11-13, 154.0
2008-11-14, 196.0
2008-11-15, 83.0
2008-11-16, 25.0
2008-11-17, 198.0
2008-11-18, 153.0
2008-11-19, 76.0
2008-11-20, 188.0
2008-11-21, 146.0
2008-11-22, 215.0
2008-11-23, 225.0
2008-11-24, 48.0
2008-11-25, 166.0
2008-11-26, 90.0
2008-11-27, 180.0
2008-11-28, 133.0
2008-11-29, 189.0
2008-11-30, 216.0
2008-12-01, 207.0
2008-12-02, 239.0
2008-12-03, 129.0
2008-12-04, 176.0
2008-12-05, 240.0
2008-12-06, 236.0
2008-12-07, 247.0
2008-12-08, 135.0
2008-12-09, 183.0
2008-12-10, 56.0
2008-12-11, 242.0
2008-12-12, 67.0
2008-12-13, 55.0
2008-12-14, 187.0
2008-12-15, 229.0
2008-12-16, 113.0
2008-12-17, 145.0
2008-12-18, 88.0
2008-12-19, 58.0
2008-12-20, 165.0
2008-12-21, 240.0
2008-12-22, 227.0
2008-12-23, 209.0
2008-12-24, 180.0
2008-12-25, 192.0
2008-12-26, 119.0
2008-12-27, 188.0
2008-12-28, 147.0
2008-12-29, 112.0
2008-12-30, 220.0
2008-12-31, 214.0
2009-01-01, 127.0
2009-01-02, 177.0
2009-01-03, 121.0
2009-01-04, 52.0
2009-01-05, 146.0
2009-01-06, 147.0
2009-01-07, 71.0
2009-01-08, 119.0
2009-01-09, 184.0
2009-01-10, 171.0
2009-01-11, 73.0
2009-01-12, 209.0
2009-01-13, 234.0
2009-01-14, 191.0
2009-01-15, 115.0
2009-01-16, 206.0
2009-01-17, 128.0
2009-01-18, 185.0
2009-01-19, 260.0
2009-01-20, 116.0
2009-01-21, 31.0
2009-01-22, 154.0
2009-01-23, 69.0
2009-01-24, 178.0
2009-01-25, 51.0
2009-01-26, 135.0
2009-01-27, 250.0
2009-01-28, 103.0
2009-01-29, 128.0
2009-01-30, 157.0
2009-01-31, 194.0
2009-02-01, 121.0
2009-02-02, 95.0
2009-02-03, 270.0
2009-02-04, 88.0
2009-02-05, 132.0
2009-02-06, 163.0
2009-02-07, 141.0
2009-02-08, 66.0
2009-02-09, 111.0
2009-02-10, 74.0
2009-02-11, 78.0
2009-02-12, 111.0
2009-02-13, 208.0
2009-02-14, 202.0
2009-02-15, 48.0
2009-02-16, 110.0
2009-02-17, 145.0
2009-02-18, 125.0
2009-02-19, 106.0
2009-02-20, 220.0
2009-02-21, 148.0
2009-02-22, 34.0
2009-02-23, 165.0
2009-02-24, 225.0
2009-02-25, 51.0
2009-02-26, 9.0
2009-02-27, 247.0
2009-02-28, 174.0
2009-03-01, 78.0
2009-03-02, 39.0
2009-03-03, 77.0
2009-03-04, 272.0
2009-03-05, 174.0
2009-03-06, 74.0
2009-03-07, 266.0
2009-03-08, 150.0
2009-03-09, 230.0
2009-03-10, 124.0
2009-03-11, 31.0
2009-03-12, 122.0
2009-03-13, 150.0
2009-03-14, 186.0
2009-03-15, 61.0
2009-03-16, 241.0
2009-03-17, 162.0
2009-03-18, 227.0
2009-03-19, 127.0
2009-03-20, 224.0
2009-03-21, 111.0
2009-03-22, 112.0
2009-03-23, 55.0
2009-03-24, 265.0
2009-03-25, 197.0
2009-03-26, 224.0
2009-03-27, 124.0
2009-03-28, 156.0
2009-03-29, 50.0
2009-03-30, 67.0
2009-03-31, 160.0
2009-04-01, 160.0
2009-04-02, 74.0
2009-04-03, 133.0
2009-04-04, 269.0
2009-04-05, 187.0
2009-04-06, 128.0
2009-04-07, 139.0
2009-04-08, 218.0
2009-04-09, 146.0
2009-04-10, 115.0
2009-04-11, 214.0
2009-04-12, 87.0
2009-04-13, 226.0
2009-04-14, 212.0
2009-04-15, 108.0
2009-04-16, 92.0
2009-04-17, 233.0
2009-04-18, 108.0
2009-04-19, 139.0
2009-04-20, 236.0
2009-04-21, 122.0
2009-04-22, 103.0
2009-04-23, 150.0
2009-04-24, 129.0
2009-04-25, 199.0
2009-04-26, 257.0
2009-04-27, 198.0
2009-04-28, 98.0
2009-04-29, 194.0
2009-04-30, 142.0
2009-05-01, 17.0
2009-05-02, 157.0
2009-05-03, 102.0
2009-05-04, 84.0
2009-05-05, 199.0
2009-05-06, 203.0
2009-05-07, 81.0
2009-05-08, 152.0
2009-05-09, 247.0
2009-05-10, 112.0
2009-05-11, 238.0
2009-05-12, 149.0
2009-05-13, 65.0
2009-05-14, 134.0
2009-05-15, 113.0
2009-05-16, 114.0
2009-05-17, 174.0
2009-05-18, 148.0
2009-05-19, 230.0
2009-05-20, 172.0
2009-05-21, 3.0
2009-05-22, 158.0
2009-05-23, 217.0
2009-05-24, 103.0
2009-05-25, 107.0
2009-05-26, 120.0
2009-05-27, 105.0
2009-05-28, 228.0
2009-05-29, 156.0
2009-05-30, 67.0
2009-05-31, 196.0
2009-06-01, 230.0
2009-06-02, 114.0
2009-06-03, 167.0
2009-06-04, 121.0
2009-06-05, 199.0
2009-06-06, 66.0
2009-06-07, 69.0
2009-06-08, 95.0
2009-06-09, 147.0
2009-06-10, 99.0
2009-06-11, 46.0
2009-06-12, 118.0
2009-06-13, 190.0
2009-06-14, 40.0
2009-06-15, 242.0
2009-06-16, 218.0
2009-06-17, 122.0
2009-06-18, 196.0
2009-06-19, 133.0
2009-06-20, 180.0
2009-06-21, 103.0
2009-06-22, 192.0
2009-06-23, 98.0
2009-06-24, 157.0
2009-06-25, 157.0
2009-06-26, 125.0
2009-06-27, 170.0
2009-06-28, 48.0
2009-06-29, 236.0
2009-06-30, 115.0
2009-07-01, 67.0
2009-07-02, 211.0
2009-07-03, 148.0
2009-07-04, 232.0
2009-07-05, 129.0
2009-07-06, 202.0
2009-07-07, 269.0
2009-07-08, 89.0
2009-07-09, 56.0
2009-07-10, 59.0
2009-07-11, 186.0
2009-07-12, 227.0
2009-07-13, 188.0
2009-07-14, 236.0
2009-07-15, 143.0
2009-07-16, 152.0
2009-07-17, 202.0
2009-07-18, 88.0
2009-07-19, 104.0
2009-07-20, 214.0
2009-07-21, 203.0
2009-07-22, 206.0
2009-07-23, 242.0
2009-07-24, 187.0
2009-07-25, 71.0
2009-07-26, 82.0
2009-07-27, 94.0
2009-07-28, 152.0
2009-07-29, 145.0
2009-07-30, 97.0
2009-07-31, 97.0
2009-08-01, 205.0
2009-08-02, 137.0
2009-08-03, 67.0
2009-08-04, 188.0
2009-08-05, 111.0
2009-08-06, 113.0
2009-08-07, 189.0
2009-08-08, 131.0
2009-08-09, 119.0
2009-08-10, 153.0
2009-08-11, 256.0
2009-08-12, 41.0
2009-08-13, 70.0
2009-08-14, 165.0
2009-08-15, 187.0
2009-08-16, 117.0
2009-08-17, 137.0
2009-08-18, 48.0
2009-08-19, 153.0
2009-08-20, 172.0
2009-08-21, 168.0
2009-08-22, 77.0
2009-08-23, 54.0
2009-08-24, 190.0
2009-08-25, 121.0
2009-08-26, 153.0
2009-08-27, 172.0
2009-08-28, 151.0
2009-08-29, 147.0
2009-08-30, 121.0
2009-08-31, 206.0
2009-09-01, 211.0
2009-09-02, 131.0
2009-09-03, 204.0
2009-09-04, 112.0
2009-09-05, 151.0
2009-09-06, 82.0
2009-09-07, 50.0
2009-09-08, 29.0
2009-09-09, 206.0
2009-09-10, 218.0
2009-09-11, 230.0
2009-09-12, 142.0
2009-09-13, 16.0
2009-09-14, 114.0
2009-09-15, 211.0
2009-09-16, 225.0
2009-09-17, 146.0
2009-09-18, 263.0
2009-09-19, 169.0
2009-09-20, 126.0
2009-09-21, 105.0
2009-09-22, 113.0
2009-09-23, 103.0
2009-09-24, 197.0
2009-09-25, 95.0
2009-09-26, 207.0
2009-09-27, 174.0
2009-09-28, 131.0
2009-09-29, 189.0
2009-09-30, 149.0
2009-10-01, 140.0
2009-10-02, 188.0
2009-10-03, 179.0
2009-10-04, 44.0
2009-10-05, 191.0
2009-10-06, 129.0
2009-10-07, 202.0
2009-10-08, 225.0
2009-10-09, 100.0
2009-10-10, 107.0
2009-10-11, 58.0
2009-10-12, 170.0
2009-10-13, 231.0
2009-10-14, 86.0
2009-10-15, 127.0
2009-10-16, 120.0
2009-10-17, 227.0
2009-10-18, 38.0
2009-10-19, 189.0
2009-10-20, 106.0
2009-10-21, 143.0
2009-10-22, 144.0
2009-10-23, 72.0
2009-10-24, 82.0
2009-10-25, 106.0
2009-10-26, 51.0
2009-10-27, 216.0
2009-10-28, 27.0
2009-10-29, 201.0
2009-10-30, 143.0
2009-10-31, 218.0
2009-11-01, 209.0
2009-11-02, 116.0
2009-11-03, 174.0
2009-11-04, 88.0
2009-11-05, 155.0
2009-11-06, 121.0
2009-11-07, 256.0
2009-11-08, 30.0
2009-11-09, 249.0
2009-11-10, 85.0
2009-11-11, 106.0
2009-11-12, 253.0
2009-11-13, 209.0
2009-11-14, 215.0
2009-11-15, 190.0
2009-11-16, 188.0
2009-11-17, 166.0
2009-11-18, 116.0
2009-11-19, 122.0
2009-11-20, 152.0
2009-11-21, 182.0
2009-11-22, 58.0
2009-11-23, 209.0
2009-11-24, 84.0
2009-11-25, 210.0
2009-11-26, 172.0
2009-11-27, 189.0
2009-11-28, 110.0
2009-11-29, 164.0
2009-11-30, 130.0
2009-12-01, 204.0
2009-12-02, 43.0
2009-12-03, 228.0
2009-12-04, 141.0
2009-12-05, 152.0
2009-12-06, 131.0
2009-12-07, 95.0
2009-12-08, 72.0
2009-12-09, 98.0
2009-12-10, 267.0
2009-12-11, 126.0
2009-12-12, 214.0
2009-12-13, 32.0
2009-12-14, 196.0
2009-12-15, 86.0
2009-12-16, 237.0
2009-12-17, 74.0
2009-12-18, 128.0
2009-12-19, 87.0
2009-12-20, 156.0
2009-12-21, 105.0
2009-12-22, 248.0
2009-12-23, 179.0
2009-12-24, 112.0
2009-12-25, 69.0
2009-12-26, 135.0
2009-12-27, 102.0
2009-12-28, 270.0
2009-12-29, 55.0
2009-12-30, 239.0
2009-12-31, 128.0
2010-01-01, 163.0
2010-01-02, 40.0
2010-01-03, 216.0
2010-01-04, 154.0
2010-01-05, 147.0
2010-01-06, 174.0
2010-01-07, 118.0
2010-01-08, 229.0
2010-01-09, 227.0
2010-01-10, 190.0
2010-01-11, 23.0
2010-01-12, 239.0
2010-01-13, 193.0
2010-01-14, 95.0
2010-01-15, 260.0
2010-01-16, 252.0
2010-01-17, 95.0
2010-01-18, 167.0
2010-01-19, 234.0
2010-01-20, 184.0
2010-01-21, 48.0
2010-01-22, 219.0
2010-01-23, 118.0
2010-01-24, 101.0
2010-01-25, 260.0
2010-01-26, 255.0
2010-01-27, 41.0
2010-01-28, 191.0
2010-01-29, 185.0
2010-01-30, 204.0
2010-01-31, 139.0
2010-02-01, 191.0
2010-02-02, 117.0
2010-02-03, 33.0
2010-02-04, 154.0
2010-02-05, 222.0
2010-02-06, 34.0
2010-02-07, 116.0
2010-02-08, 57.0
2010-02-09, 206.0
2010-02-10, 76.0
2010-02-11, 124.0
2010-02-12, 147.0
2010-02-13, 206.0
2010-02-14, 132.0
2010-02-15, 280.0
2010-02-16, 108.0
2010-02-17, 126.0
2010-02-18, 204.0
2010-02-19, 267.0
2010-02-20, 248.0
2010-02-21, 155.0
2010-02-22, 63.0
2010-02-23, 166.0
2010-02-24, 180.0
2010-02-25, 284.0
2010-02-26, 246.0
2010-02-27, 250.0
2010-02-28, 156.0
2010-03-01, 120.0
2010-03-02, 167.0
2010-03-03, 172.0
2010-03-04, 58.0
2010-03-05, 62.0
2010-03-06, 179.0
2010-03-07, 15.0
2010-03-08, 138.0
2010-03-09, 139.0
2010-03-10, 131.0
2010-03-11, 199.0
2010-03-12, 78.0
2010-03-13, 138.0
2010-03-14, 158.0
2010-03-15, 76.0
2010-03-16, 274.0
2010-03-17, 77.0
2010-03-18, 141.0
2010-03-19, 42.0
2010-03-20, 123.0
2010-03-21, 125.0
2010-03-22, 190.0
2010-03-23, 33.0
2010-03-24, 201.0
2010-03-25, 140.0
2010-03-26, 236.0
2010-03-27, 210.0
2010-03-28, 106.0
2010-03-29, 222.0
2010-03-30, 221.0
2010-03-31, 109.0
2010-04-01, 68.0
2010-04-02, 57.0
2010-04-03, 173.0
2010-04-04, 185.0
2010-04-05, 140.0
2010-04-06, 207.0
2010-04-07, 230.0
2010-04-08, 215.0
2010-04-09, 170.0
2010-04-10, 43.0
2010-04-11, 97.0
2010-04-12, 146.0
2010-04-13, 29.0
2010-04-14, 225.0
2010-04-15, 166.0
2010-04-16, 172.0
2010-04-17, 231.0
2010-04-18, 257.0
2010-04-19, 89.0
2010-04-20, 110.0
2010-04-21, 137.0
2010-04-22, 115.0
2010-04-23, 267.0
2010-04-24, 39.0
2010-04-25, 265.0
2010-04-26, 185.0
2010-04-27, 11.0
2010-04-28, 191.0
2010-04-29, 167.0
2010-04-30, 91.0
2010-05-01, 186.0
2010-05-02, 124.0
2010-05-03, 92.0
2010-05-04, 210.0
2010-05-05, 202.0
2010-05-06, 181.0
2010-05-07, 122.0
2010-05-08, 263.0
2010-05-09, 170.0
2010-05-10, 59.0
2010-05-11, 192.0
2010-05-12, 206.0
2010-05-13, 53.0
2010-05-14, 235.0
2010-05-15, 107.0
2010-05-16, 122.0
2010-05-17, 175.0
2010-05-18, 179.0
2010-05-19, 22.0
2010-05-20, 113.0
2010-05-21, 242.0
2010-05-22, 236.0
2010-05-23, 48.0
2010-05-24, 139.0
2010-05-25, 184.0
2010-05-26, 149.0
2010-05-27, 128.0
2010-05-28, 207.0
2010-05-29, 113.0
2010-05-30, 214.0
2010-05-31, 138.0
2010-06-01, 152.0
2010-06-02, 147.0
2010-06-03, 167.0
2010-06-04, 54.0
2010-06-05, 77.0
2010-06-06, 124.0
2010-06-07, 189.0
2010-06-08, 243.0
2010-06-09, 153.0
2010-06-10, 118.0
2010-06-11, 226.0
2010-06-12, 169.0
2010-06-13, 133.0
2010-06-14, 144.0
2010-06-15, 87.0
2010-06-16, 90.0
2010-06-17, 146.0
2010-06-18, 146.0
2010-06-19, 122.0
2010-06-20, 179.0
2010-06-21, 87.0
2010-06-22, 86.0
2010-06-23, 174.0
2010-06-24, 157.0
2010-06-25, 144.0
2010-06-26, 177.0
2010-06-27, 264.0
2010-06-28, 147.0
2010-06-29, 22.0
2010-06-30, 175.0
2010-07-01, 182.0
2010-07-02, 22.0
2010-07-03, 78.0
2010-07-04, 136.0
2010-07-05, 155.0
2010-07-06, 219.0
2010-07-07, 117.0
2010-07-08, 82.0
2010-07-09, 95.0
2010-07-10, 7.0
2010-07-11, 62.0
2010-07-12, 78.0
2010-07-13, 53.0
2010-07-14, 101.0
2010-07-15, 19.0
2010-07-16, 154.0
2010-07-17, 69.0
2010-07-18, 214.0
2010-07-19, 248.0
2010-07-20, 233.0
2010-07-21, 24.0
2010-07-22, 135.0
2010-07-23, 85.0
2010-07-24, 238.0
2010-07-25, 124.0
2010-07-26, 39.0
2010-07-27, 101.0
2010-07-28, 63.0
2010-07-29, 36.0
2010-07-30, 130.0
2010-07-31, 147.0
2010-08-01, 217.0
2010-08-02, 162.0
2010-08-03, 202.0
2010-08-04, 129.0
2010-08-05, 228.0
2010-08-06, 37.0
2010-08-07, 205.0
2010-08-08, 168.0
2010-08-09, 243.0
2010-08-10, 57.0
2010-08-11, 94.0
2010-08-12, 215.0
2010-08-13, 226.0
2010-08-14, 35.0
2010-08-15, 241.0
2010-08-16, 258.0
2010-08-17, 82.0
2010-08-18, 37.0
2010-08-19, 131.0
2010-08-20, 147.0
2010-08-21, 68.0
2010-08-22, 168.0
2010-08-23, 238.0
2010-08-24, 64.0
2010-08-25, 151.0
2010-08-26, 50.0
2010-08-27, 228.0
2010-08-28, 145.0
2010-08-29, 41.0
2010-08-30, 168.0
2010-08-31, 127.0
2010-09-01, 253.0
2010-09-02, 104.0
2010-09-03, 75.0
2010-09-04, 83.0
2010-09-05, 115.0
2010-09-06, 237.0
2010-09-07, 206.0
2010-09-08, 101.0
2010-09-09, 64.0
2010-09-10, 154.0
2010-09-11, 207.0
2010-09-12, 240.0
2010-09-13, 200.0
2010-09-14, 28.0
2010-09-15, 100.0
2010-09-16, 69.0
2010-09-17, 75.0
2010-09-18, 248.0
2010-09-19, 92.0
2010-09-20, 203.0
2010-09-21, 215.0
2010-09-22, 154.0
2010-09-23, 215.0
2010-09-24, 193.0
2010-09-25, 215.0
2010-09-26, 90.0
2010-09-27, 211.0
2010-09-28, 101.0
2010-09-29, 155.0
2010-09-30, 156.0
2010-10-01, 217.0
2010-10-02, 152.0
2010-10-03, 37.0
2010-10-04, 63.0
2010-10-05, 67.0
2010-10-06, 150.0
2010-10-07, 206.0
2010-10-08, 142.0
2010-10-09, 84.0
2010-10-10, 26.0
2010-10-11, 253.0
2010-10-12, 140.0
2010-10-13, 132.0
2010-10-14, 227.0
2010-10-15, 98.0
2010-10-16, 139.0
2010-10-17, 126.0
2010-10-18, 109.0
2010-10-19, 127.0
2010-10-20, 218.0
2010-10-21, 29.0
2010-10-22, 159.0
2010-10-23, 176.0
2010-10-24, 121.0
2010-10-25, 212.0
2010-10-26, 236.0
2010-10-27, 128.0
2010-10-28, 182.0
2010-10-29, 90.0
2010-10-30, 123.0
2010-10-31, 234.0
2010-11-01, 106.0
2010-11-02, 152.0
2010-11-03, 176.0
2010-11-04, 208.0
2010-11-05, 96.0
2010-11-06, 140.0
2010-11-07, 148.0
2010-11-08, 35.0
2010-11-09, 32.0
2010-11-10, 62.0
2010-11-11, 81.0
2010-11-12, 268.0
2010-11-13, 196.0
2010-11-14, 201.0
2010-11-15, 225.0
2010-11-16, 250.0
2010-11-17, 7.0
2010-11-18, 167.0
2010-11-19, 263.0
2010-11-20, 184.0
2010-11-21, 102.0
2010-11-22, 158.0
2010-11-23, 72.0
2010-11-24, 134.0
2010-11-25, 24.0
2010-11-26, 270.0
2010-11-27, 70.0
2010-11-28, 65.0
2010-11-29, 225.0
2010-11-30, 181.0
2010-12-01, 242.0
2010-12-02, 36.0
2010-12-03, 174.0
2010-12-04, 128.0
2010-12-05, 158.0
2010-12-06, 15.0
2010-12-07, 109.0
2010-12-08, 187.0
2010-12-09, 154.0
2010-12-10, 199.0
2010-12-11, 9.0
2010-12-12, 77.0
2010-12-13, 123.0
2010-12-14, 85.0
2010-12-15, 209.0
2010-12-16, 93.0
2010-12-17, 123.0
2010-12-18, 57.0
2010-12-19, 162.0
2010-12-20, 81.0
2010-12-21, 76.0
2010-12-22, 207.0
2010-12-23, 71.0
2010-12-24, 72.0
2010-12-25, 26.0
2010-12-26, 62.0
2010-12-27, 194.0
2010-12-28, 146.0
2010-12-29, 205.0
2010-12-30, 216.0
2010-12-31, 162.0
2011-01-01, 174.0
2011-01-02, 175.0
2011-01-03, 57.0
2011-01-04, 256.0
2011-01-05, 135.0
2011-01-06, 214.0
2011-01-07, 93.0
2011-01-08, 120.0
2011-01-09, 186.0
2011-01-10, 99.0
2011-01-11, 96.0
2011-01-12, 201.0
2011-01-13, 177.0
2011-01-14, 20.0
2011-01-15, 184.0
2011-01-16, 144.0
2011-01-17, 243.0
2011-01-18, 80.0
2011-01-19, 202.0
2011-01-20, 104.0
2011-01-21, 190.0
2011-01-22, 237.0
2011-01-23, 91.0
2011-01-24, 223.0
2011-01-25, 42.0
2011-01-26, 174.0
2011-01-27, 175.0
2011-01-28, 75.0
2011-01-29, 68.0
2011-01-30, 95.0
2011-01-31, 233.0
2011-02-01, 121.0
2011-02-02, 173.0
2011-02-03, 118.0
2011-02-04, 97.0
2011-02-05, 114.0
2011-02-06, 211.0
2011-02-07, 147.0
2011-02-08, 93.0
2011-02-09, 116.0
2011-02-10, 150.0
2011-02-11, 141.0
2011-02-12, 132.0
2011-02-13, 198.0
2011-02-14, 70.0
2011-02-15, 160.0
2011-02-16, 109.0
2011-02-17, 84.0
2011-02-18, 149.0
2011-02-19, 178.0
2011-02-20, 213.0
2011-02-21, 109.0
2011-02-22, 47.0
2011-02-23, 162.0
2011-02-24, 133.0
2011-02-25, 179.0
2011-02-26, 72.0
2011-02-27, 79.0
2011-02-28, 91.0
2011-03-01, 79.0
2011-03-02, 153.0
2011-03-03, 116.0
2011-03-04, 104.0
2011-03-05, 36.0
2011-03-06, 12.0
2011-03-07, 126.0
2011-03-08, 240.0
2011-03-09, 162.0
2011-03-10, 147.0
2011-03-11, 171.0
2011-03-12, 173.0
2011-03-13, 66.0
2011-03-14, 273.0
2011-03-15, 69.0
2011-03-16, 163.0
2011-03-17, 198.0
2011-03-18, 231.0
2011-03-19, 36.0
2011-03-20, 184.0
2011-03-21, 150.0
2011-03-22, 187.0
2011-03-23, 167.0
2011-03-24, 58.0
2011-03-25, 255.0
2011-03-26, 69.0
2011-03-27, 169.0
2011-03-28, 193.0
2011-03-29, 200.0
2011-03-30, 166.0
2011-03-31, 115.0
2011-04-01, 75.0
2011-04-02, 200.0
2011-04-03, 160.0
2011-04-04, 48.0
2011-04-05, 118.0
2011-04-06, 208.0
2011-04-07, 211.0
2011-04-08, 51.0
2011-04-09, 155.0
2011-04-10, 161.0
2011-04-11, 182.0
2011-04-12, 190.0
2011-04-13, 230.0
2011-04-14, 99.0
2011-04-15, 79.0
2011-04-16, 51.0
2011-04-17, 154.0
2011-04-18, 116.0
2011-04-19, 160.0
2011-04-20, 197.0
2011-04-21, 164.0
2011-04-22, 115.0
2011-04-23, 169.0
2011-04-24, 279.0
2011-04-25, 183.0
2011-04-26, 262.0
2011-04-27, 273.0
2011-04-28, 76.0
2011-04-29, 181.0
2011-04-30, 26.0
2011-05-01, 168.0
2011-05-02, 92.0
2011-05-03, 141.0
2011-05-04, 186.0
2011-05-05, 49.0
2011-05-06, 129.0
2011-05-07, 54.0
2011-05-08, 48.0
2011-05-09, 163.0
2011-05-10, 245.0
2011-05-11, 84.0
2011-05-12, 69.0
2011-05-13, 103.0
2011-05-14, 113.0
2011-05-15, 82.0
2011-05-16, 125.0
2011-05-17, 186.0
2011-05-18, 200.0
2011-05-19, 139.0
2011-05-20, 159.0
2011-05-21, 158.0
2011-05-22, 168.0
2011-05-23, 128.0
2011-05-24, 42.0
2011-05-25, 35.0
2011-05-26, 158.0
2011-05-27, 268.0
2011-05-28, 177.0
2011-05-29, 218.0
2011-05-30, 100.0
2011-05-31, 51.0
2011-06-01, 122.0
2011-06-02, 138.0
2011-06-03, 186.0
2011-06-04, 34.0
2011-06-05, 122.0
2011-06-06, 170.0
2011-06-07, 104.0
2011-06-08, 125.0
2011-06-09, 199.0
2011-06-10, 205.0
2011-06-11, 169.0
2011-06-12, 284.0
2011-06-13, 72.0
2011-06-14, 100.0
2011-06-15, 157.0
2011-06-16, 93.0
2011-06-17, 124.0
2011-06-18, 151.0
2011-06-19, 144.0
2011-06-20, 170.0
2011-06-21, 49.0
2011-06-22, 90.0
2011-06-23, 58.0
2011-06-24, 225.0
2011-06-25, 213.0
2011-06-26, 284.0
2011-06-27, 197.0
2011-06-28, 239.0
2011-06-29, 250.0
2011-06-30, 178.0
2011-07-01, 103.0
2011-07-02, 229.0
2011-07-03, 173.0
2011-07-04, 255.0
2011-07-05, 150.0
2011-07-06, 136.0
2011-07-07, 174.0
2011-07-08, 53.0
2011-07-09, 151.0
2011-07-10, 251.0
2011-07-11, 16.0
2011-07-12, 55.0
2011-07-13, 82.0
2011-07-14, 158.0
2011-07-15, 252.0
2011-07-16, 88.0
2011-07-17, 61.0
2011-07-18, 171.0
2011-07-19, 190.0
2011-07-20, 202.0
2011-07-21, 217.0
2011-07-22, 145.0
2011-07-23, 176.0
2011-07-24, 66.0
2011-07-25, 213.0
2011-07-26, 255.0
2011-07-27, 13.0
2011-07-28, 61.0
2011-07-29, 93.0
2011-07-30, 106.0
2011-07-31, 117.0
2011-08-01, 129.0
2011-08-02, 105.0
2011-08-03, 136.0
2011-08-04, 151.0
2011-08-05, 226.0
2011-08-06, 186.0
2011-08-07, 57.0
2011-08-08, 74.0
2011-08-09, 173.0
2011-08-10, 108.0
2011-08-11, 265.0
2011-08-12, 143.0
2011-08-13, 197.0
2011-08-14, 186.0
2011-08-15, 254.0
2011-08-16, 197.0
2011-08-17, 86.0
2011-08-18, 180.0
2011-08-19, 183.0
2011-08-20, 57.0
2011-08-21, 80.0
2011-08-22, 263.0
2011-08-23, 190.0
2011-08-24, 217.0
2011-08-25, 130.0
2011-08-26, 206.0
2011-08-27, 10.0
2011-08-28, 224.0
2011-08-29, 171.0
2011-08-30, 74.0
2011-08-31, 171.0
2011-09-01, 34.0
2011-09-02, 91.0
2011-09-03, 86.0
2011-09-04, 141.0
2011-09-05, 143.0
2011-09-06, 76.0
2011-09-07, 105.0
2011-09-08, 80.0
2011-09-09, 112.0
2011-09-10, 94.0
2011-09-11, 222.0
2011-09-12, 69.0
2011-09-13, 219.0
2011-09-14, 122.0
2011-09-15, 13.0
2011-09-16, 200.0
2011-09-17, 204.0
2011-09-18, 160.0
2011-09-19, 117.0
2011-09-20, 73.0
2011-09-21, 32.0
2011-09-22, 65.0
2011-09-23, 199.0
2011-09-24, 226.0
2011-09-25, 116.0
2011-09-26, 111.0
2011-09-27, 137.0
2011-09-28, 81.0
2011-09-29, 108.0
2011-09-30, 28.0
2011-10-01, 81.0
2011-10-02, 177.0
2011-10-03, 263.0
2011-10-04, 252.0
2011-10-05, 100.0
2011-10-06, 147.0
2011-10-07, 149.0
2011-10-08, 142.0
2011-10-09, 37.0
2011-10-10, 115.0
2011-10-11, 226.0
2011-10-12, 185.0
2011-10-13, 83.0
2011-10-14, 196.0
2011-10-15, 139.0
2011-10-16, 64.0
2011-10-17, 104.0
2011-10-18, 49.0
2011-10-19, 139.0
2011-10-20, 161.0
2011-10-21, 195.0
2011-10-22, 219.0
2011-10-23, 204.0
2011-10-24, 26.0
2011-10-25, 216.0
2011-10-26, 200.0
2011-10-27, 205.0
2011-10-28, 198.0
2011-10-29, 98.0
2011-10-30, 229.0
2011-10-31, 217.0
2011-11-01, 132.0
2011-11-02, 221.0
2011-11-03, 102.0
2011-11-04, 94.0
2011-11-05, 35.0
2011-11-06, 31.0
2011-11-07, 138.0
2011-11-08, 124.0
2011-11-09, 117.0
2011-11-10, 201.0
2011-11-11, 87.0
2011-11-12, 259.0
2011-11-13, 107.0
2011-11-14, 88.0
2011-11-15, 138.0
2011-11-16, 271.0
2011-11-17, 85.0
2011-11-18, 57.0
2011-11-19, 71.0
2011-11-20, 116.0
2011-11-21, 62.0
2011-11-22, 76.0
2011-11-23, 113.0
2011-11-24, 210.0
2011-11-25, 203.0
2011-11-26, 245.0
2011-11-27, 255.0
2011-11-28, 44.0
2011-11-29, 193.0
2011-11-30, 39.0
2011-12-01, 116.0
2011-12-02, 191.0
2011-12-03, 191.0
2011-12-04, 126.0
2011-12-05, 75.0
2011-12-06, 242.0
2011-12-07, 216.0
2011-12-08, 85.0
2011-12-09, 177.0
2011-12-10, 110.0
2011-12-11, 215.0
2011-12-12, 88.0
2011-12-13, 168.0
2011-12-14, 206.0
2011-12-15, 68.0
2011-12-16, 105.0
2011-12-17, 66.0
2011-12-18, 273.0
2011-12-19, 231.0
2011-12-20, 48.0
2011-12-21, 79.0
2011-12-22, 111.0
2011-12-23, 191.0
2011-12-24, 170.0
2011-12-25, 95.0
2011-12-26, 135.0
2011-12-27, 218.0
2011-12-28, 257.0
2011-12-29, 230.0
2011-12-30, 180.0
2011-12-31, 143.0
2012-01-01, 61.0
2012-01-02, 180.0
2012-01-03, 233.0
2012-01-04, 156.0
2012-01-05, 227.0
2012-01-06, 156.0
2012-01-07, 50.0
2012-01-08, 238.0
2012-01-09, 140.0
2012-01-10, 68.0
2012-01-11, 158.0
2012-01-12, 40.0
2012-01-13, 165.0
2012-01-14, 115.0
2012-01-15, 149.0
2012-01-16, 124.0
2012-01-17, 124.0
2012-01-18, 78.0
2012-01-19, 74.0
2012-01-20, 200.0
2012-01-21, 93.0
2012-01-22, 197.0
2012-01-23, 204.0
2012-01-24, 34.0
2012-01-25, 222.0
2012-01-26, 90.0
2012-01-27, 166.0
2012-01-28, 95.0
2012-01-29, 178.0
2012-01-30, 81.0
2012-01-31, 218.0
2012-02-01, 110.0
2012-02-02, 185.0
2012-02-03, 173.0
2012-02-04, 201.0
2012-02-05, 96.0
2012-02-06, 76.0
2012-02-07, 170.0
2012-02-08, 177.0
2012-02-09, 243.0
2012-02-10, 101.0
2012-02-11, 129.0
2012-02-12, 191.0
2012-02-13, 250.0
2012-02-14, 157.0
2012-02-15, 203.0
2012-02-16, 221.0
2012-02-17, 211.0
2012-02-18, 141.0
2012-02-19, 127.0
2012-02-20, 85.0
2012-02-21, 133.0
2012-02-22, 171.0
2012-02-23, 119.0
2012-02-24, 157.0
2012-02-25, 101.0
2012-02-26, 206.0
2012-02-27, 136.0
2012-02-28, 210.0
2012-02-29, 207.0
2012-03-01, 207.0
2012-03-02, 218.0
2012-03-03, 243.0
2012-03-04, 142.0
2012-03-05, 207.0
2012-03-06, 72.0
2012-03-07, 150.0
2012-03-08, 211.0
2012-03-09, 84.0
2012-03-10, 204.0
2012-03-11, 152.0
2012-03-12, 206.0
2012-03-13, 127.0
2012-03-14, 107.0
2012-03-15, 124.0
2012-03-16, 73.0
2012-03-17, 183.0
2012-03-18, 45.0
2012-03-19, 130.0
2012-03-20, 99.0
2012-03-21, 159.0
2012-03-22, 151.0
2012-03-23, 7.0
2012-03-24, 211.0
2012-03-25, 213.0
2012-03-26, 181.0
2012-03-27, 108.0
2012-03-28, 183.0
2012-03-29, 134.0
2012-03-30, 223.0
2012-03-31, 171.0
2012-04-01, 46.0
2012-04-02, 72.0
2012-04-03, 70.0
2012-04-04, 183.0
2012-04-05, 49.0
2012-04-06, 168.0
2012-04-07, 126.0
2012-04-08, 212.0
2012-04-09, 161.0
2012-04-10, 134.0
2012-04-11, 226.0
2012-04-12, 68.0
2012-04-13, 230.0
2012-04-14, 29.0
2012-04-15, 89.0
2012-04-16, 131.0
2012-04-17, 157.0
2012-04-18, 199.0
2012-04-19, 117.0
2012-04-20, 152.0
2012-04-21, 109.0
2012-04-22, 240.0
2012-04-23, 73.0
2012-04-24, 193.0
2012-04-25, 226.0
2012-04-26, 156.0
2012-04-27, 140.0
2012-04-28, 144.0
2012-04-29, 259.0
2012-04-30, 70.0
2012-05-01, 92.0
2012-05-02, 265.0
2012-05-03, 134.0
2012-05-04, 40.0
2012-05-05, 153.0
2012-05-06, 147.0
2012-05-07, 112.0
2012-05-08, 94.0
2012-05-09, 115.0
2012-05-10, 129.0
2012-05-11, 77.0
2012-05-12, 160.0
2012-05-13, 246.0
2012-05-14, 203.0
2012-05-15, 44.0
2012-05-16, 211.0
2012-05-17, 171.0
2012-05-18, 60.0
2012-05-19, 143.0
2012-05-20, 249.0
2012-05-21, 182.0
2012-05-22, 117.0
2012-05-23, 48.0
2012-05-24, 109.0
2012-05-25, 92.0
2012-05-26, 83.0
2012-05-27, 117.0
2012-05-28, 125.0
2012-05-29, 70.0
2012-05-30, 173.0
2012-05-31, 203.0
2012-06-01, 113.0
2012-06-02, 147.0
2012-06-03, 163.0
2012-06-04, 115.0
2012-06-05, 116.0
2012-06-06, 84.0
2012-06-07, 131.0
2012-06-08, 76.0
2012-06-09, 191.0
2012-06-10, 210.0
2012-06-11, 260.0
2012-06-12, 152.0
2012-06-13, 113.0
2012-06-14, 110.0
2012-06-15, 135.0
2012-06-16, 119.0
2012-06-17, 53.0
2012-06-18, 180.0
2012-06-19, 154.0
2012-06-20, 62.0
2012-06-21, 184.0
2012-06-22, 186.0
2012-06-23, 71.0
2012-06-24, 117.0
2012-06-25, 155.0
2012-06-26, 184.0
2012-06-27, 101.0
2012-06-28, 208.0
2012-06-29, 49.0
2012-06-30, 106.0
2012-07-01, 147.0
2012-07-02, 119.0
2012-07-03, 116.0
2012-07-04, 136.0
2012-07-05, 201.0
2012-07-06, 125.0
2012-07-07, 98.0
2012-07-08, 56.0
2012-07-09, 102.0
2012-07-10, 177.0
2012-07-11, 249.0
2012-07-12, 70.0
2012-07-13, 236.0
2012-07-14, 143.0
2012-07-15, 263.0
2012-07-16, 59.0
2012-07-17, 202.0
2012-07-18, 110.0
2012-07-19, 227.0
2012-07-20, 81.0
2012-07-21, 85.0
2012-07-22, 177.0
2012-07-23, 77.0
2012-07-24, 50.0
2012-07-25, 63.0
2012-07-26, 99.0
2012-07-27, 233.0
2012-07-28, 191.0
2012-07-29, 267.0
2012-07-30, 90.0
2012-07-31, 163.0
2012-08-01, 165.0
2012-08-02, 169.0
2012-08-03, 17.0
2012-08-04, 71.0
2012-08-05, 137.0
2012-08-06, 82.0
2012-08-07, 218.0
2012-08-08, 120.0
2012-08-09, 136.0
2012-08-10, 159.0
2012-08-11, 191.0
2012-08-12, 31.0
2012-08-13, 116.0
2012-08-14, 154.0
2012-08-15, 26.0
2012-08-16, 129.0
2012-08-17, 161.0
2012-08-18, 110.0
2012-08-19, 220.0
2012-08-20, 184.0
2012-08-21, 113.0
2012-08-22, 65.0
2012-08-23, 55.0
2012-08-24, 231.0
2012-08-25, 221.0
2012-08-26, 169.0
2012-08-27, 39.0
2012-08-28, 84.0
2012-08-29, 153.0
2012-08-30, 194.0
2012-08-31, 25.0
2012-09-01, 41.0
2012-09-02, 19.0
2012-09-03, 146.0
2012-09-04, 117.0
2012-09-05, 98.0
2012-09-06, 152.0
2012-09-07, 61.0
2012-09-08, 135.0
2012-09-09, 99.0
2012-09-10, 181.0
2012-09-11, 155.0
2012-09-12, 72.0
2012-09-13, 212.0
2012-09-14, 120.0
2012-09-15, 181.0
2012-09-16, 155.0
2012-09-17, 99.0
2012-09-18, 109.0
2012-09-19, 40.0
2012-09-20, 151.0
2012-09-21, 231.0
2012-09-22, 94.0
2012-09-23, 272.0
2012-09-24, 76.0
2012-09-25, 154.0
2012-09-26, 219.0
2012-09-27, 105.0
2012-09-28, 87.0
2012-09-29, 73.0
2012-09-30, 181.0
2012-10-01, 92.0
2012-10-02, 110.0
2012-10-03, 189.0
2012-10-04, 168.0
2012-10-05, 261.0
2012-10-06, 226.0
2012-10-07, 263.0
2012-10-08, 57.0
2012-10-09, 205.0
2012-10-10, 78.0
2012-10-11, 216.0
2012-10-12, 175.0
2012-10-13, 210.0
2012-10-14, 225.0
2012-10-15, 108.0
2012-10-16, 72.0
2012-10-17, 123.0
2012-10-18, 192.0
2012-10-19, 158.0
2012-10-20, 164.0
2012-10-21, 221.0
2012-10-22, 222.0
2012-10-23, 41.0
2012-10-24, 168.0
2012-10-25, 72.0
2012-10-26, 222.0
2012-10-27, 261.0
2012-10-28, 74.0
2012-10-29, 124.0
2012-10-30, 166.0
2012-10-31, 221.0
2012-11-01, 175.0
2012-11-02, 86.0
2012-11-03, 144.0
2012-11-04, 231.0
2012-11-05, 267.0
2012-11-06, 200.0
2012-11-07, 171.0
2012-11-08, 160.0
2012-11-09, 235.0
2012-11-10, 78.0
2012-11-11, 244.0
2012-11-12, 101.0
2012-11-13, 210.0
2012-11-14, 215.0
2012-11-15, 151.0
2012-11-16, 223.0
2012-11-17, 159.0
2012-11-18, 168.0
2012-11-19, 190.0
2012-11-20, 78.0
2012-11-21, 90.0
2012-11-22, 166.0
2012-11-23, 248.0
2012-11-24, 63.0
2012-11-25, 171.0
2012-11-26, 176.0
2012-11-27, 111.0
2012-11-28, 103.0
2012-11-29, 201.0
2012-11-30, 222.0
2012-12-01, 158.0
2012-12-02, 143.0
2012-12-03, 155.0
2012-12-04, 79.0
2012-12-05, 50.0
2012-12-06, 255.0
2012-12-07, 78.0
2012-12-08, 150.0
2012-12-09, 256.0
2012-12-10, 32.0
2012-12-11, 201.0
2012-12-12, 150.0
2012-12-13, 180.0
2012-12-14, 153.0
2012-12-15, 209.0
2012-12-16, 129.0
2012-12-17, 123.0
2012-12-18, 211.0
2012-12-19, 112.0
2012-12-20, 231.0
2012-12-21, 174.0
2012-12-22, 184.0
2012-12-23, 182.0
2012-12-24, 233.0
2012-12-25, 74.0
2012-12-26, 228.0
2012-12-27, 244.0
2012-12-28, 70.0
2012-12-29, 213.0
2012-12-30, 169.0
2012-12-31, 217.0
2013-01-01, 204.0
2013-01-02, 81.0
2013-01-03, 200.0
2013-01-04, 164.0
2013-01-05, 173.0
2013-01-06, 199.0
2013-01-07, 217.0
2013-01-08, 236.0
2013-01-09, 234.0
2013-01-10, 168.0
2013-01-11, 110.0
2013-01-12, 190.0
2013-01-13, 101.0
2013-01-14, 147.0
2013-01-15, 131.0
2013-01-16, 219.0
2013-01-17, 213.0
2013-01-18, 91.0
2013-01-19, 112.0
2013-01-20, 192.0
2013-01-21, 86.0
2013-01-22, 155.0
2013-01-23, 156.0
2013-01-24, 114.0
2013-01-25, 56.0
2013-01-26, 244.0
2013-01-27, 77.0
2013-01-28, 199.0
2013-01-29, 187.0
2013-01-30, 244.0
2013-01-31, 118.0
2013-02-01, 66.0
2013-02-02, 55.0
2013-02-03, 143.0
2013-02-04, 173.0
2013-02-05, 67.0
2013-02-06, 205.0
2013-02-07, 178.0
2013-02-08, 98.0
2013-02-09, 163.0
2013-02-10, 76.0
2013-02-11, 213.0
2013-02-12, 193.0
2013-02-13, 161.0
2013-02-14, 128.0
2013-02-15, 223.0
2013-02-16, 107.0
2013-02-17, 86.0
2013-02-18, 213.0
2013-02-19, 127.0
2013-02-20, 56.0
2013-02-21, 64.0
2013-02-22, 134.0
2013-02-23, 211.0
2013-02-24, 256.0
2013-02-25, 236.0
2013-02-26, 235.0
2013-02-27, 137.0
2013-02-28, 199.0
2013-03-01, 175.0
2013-03-02, 112.0
2013-03-03, 238.0
2013-03-04, 196.0
2013-03-05, 244.0
2013-03-06, 127.0
2013-03-07, 136.0
2013-03-08, 159.0
2013-03-09, 122.0
2013-03-10, 186.0
2013-03-11, 163.0
2013-03-12, 172.0
2013-03-13, 232.0
2013-03-14, 177.0
2013-03-15, 138.0
2013-03-16, 268.0
2013-03-17, 132.0
2013-03-18, 24.0
2013-03-19, 178.0
2013-03-20, 27.0
2013-03-21, 102.0
2013-03-22, 157.0
2013-03-23, 204.0
2013-03-24, 231.0
2013-03-25, 95.0
2013-03-26, 173.0
2013-03-27, 194.0
2013-03-28, 137.0
2013-03-29, 89.0
2013-03-30, 180.0
2013-03-31, 160.0
2013-04-01, 236.0
2013-04-02, 179.0
2013-04-03, 129.0
2013-04-04, 215.0
2013-04-05, 188.0
2013-04-06, 178.0
2013-04-07, 137.0
2013-04-08, 164.0
2013-04-09, 167.0
2013-04-10, 244.0
2013-04-11, 99.0
2013-04-12, 119.0
2013-04-13, 83.0
2013-04-14, 62.0
2013-04-15, 16.0
2013-04-16, 142.0
2013-04-17, 141.0
2013-04-18, 210.0
2013-04-19, 106.0
2013-04-20, 78.0
2013-04-21, 84.0
2013-04-22, 218.0
2013-04-23, 157.0
2013-04-24, 109.0
2013-04-25, 68.0
2013-04-26, 127.0
2013-04-27, 86.0
2013-04-28, 187.0
2013-04-29, 134.0
2013-04-30, 101.0
2013-05-01, 105.0
2013-05-02, 66.0
2013-05-03, 261.0
2013-05-04, 123.0
2013-05-05, 47.0
2013-05-06, 72.0
2013-05-07, 237.0
2013-05-08, 179.0
2013-05-09, 173.0
2013-05-10, 103.0
2013-05-11, 174.0
2013-05-12, 99.0
2013-05-13, 115.0
2013-05-14, 287.0
2013-05-15, 85.0
2013-05-16, 191.0
2013-05-17, 145.0
2013-05-18, 136.0
2013-05-19, 96.0
2013-05-20, 183.0
2013-05-21, 98.0
2013-05-22, 88.0
2013-05-23, 116.0
2013-05-24, 218.0
2013-05-25, 123.0
2013-05-26, 134.0
2013-05-27, 218.0
2013-05-28, 236.0
2013-05-29, 118.0
2013-05-30, 34.0
2013-05-31, 134.0
2013-06-01, 252.0
2013-06-02, 139.0
2013-06-03, 173.0
2013-06-04, 109.0
2013-06-05, 62.0
2013-06-06, 105.0
2013-06-07, 200.0
2013-06-08, 132.0
2013-06-09, 145.0
2013-06-10, 153.0
2013-06-11, 28.0
2013-06-12, 173.0
2013-06-13, 201.0
2013-06-14, 121.0
2013-06-15, 100.0
2013-06-16, 229.0
2013-06-17, 169.0
2013-06-18, 94.0
2013-06-19, 47.0
2013-06-20, 197.0
2013-06-21, 96.0
2013-06-22, 250.0
2013-06-23, 20.0
2013-06-24, 124.0
2013-06-25, 78.0
2013-06-26, 101.0
2013-06-27, 185.0
2013-06-28, 136.0
2013-06-29, 260.0
2013-06-30, 170.0
2013-07-01, 238.0
2013-07-02, 150.0
2013-07-03, 49.0
2013-07-04, 161.0
2013-07-05, 160.0
2013-07-06, 201.0
2013-07-07, 248.0
2013-07-08, 196.0
2013-07-09, 179.0
2013-07-10, 117.0
2013-07-11, 162.0
2013-07-12, 65.0
2013-07-13, 157.0
2013-07-14, 94.0
2013-07-15, 239.0
2013-07-16, 241.0
2013-07-17, 222.0
2013-07-18, 178.0
2013-07-19, 182.0
2013-07-20, 244.0
2013-07-21, 248.0
2013-07-22, 203.0
2013-07-23, 244.0
2013-07-24, 173.0
2013-07-25, 63.0
2013-07-26, 71.0
2013-07-27, 80.0
2013-07-28, 119.0
2013-07-29, 264.0
2013-07-30, 41.0
2013-07-31, 199.0
2013-08-01, 176.0
2013-08-02, 136.0
2013-08-03, 170.0
2013-08-04, 40.0
2013-08-05, 100.0
2013-08-06, 186.0
2013-08-07, 79.0
2013-08-08, 55.0
2013-08-09, 162.0
2013-08-10, 147.0
2013-08-11, 92.0
2013-08-12, 182.0
2013-08-13, 117.0
2013-08-14, 79.0
2013-08-15, 49.0
2013-08-16, 135.0
2013-08-17, 57.0
2013-08-18, 166.0
2013-08-19, 99.0
2013-08-20, 123.0
2013-08-21, 263.0
2013-08-22, 248.0
2013-08-23, 56.0
2013-08-24, 234.0
2013-08-25, 183.0
2013-08-26, 52.0
2013-08-27, 156.0
2013-08-28, 210.0
2013-08-29, 217.0
2013-08-30, 191.0
2013-08-31, 207.0
2013-09-01, 110.0
2013-09-02, 187.0
2013-09-03, 93.0
2013-09-04, 144.0
2013-09-05, 268.0
2013-09-06, 63.0
2013-09-07, 98.0
2013-09-08, 37.0
2013-09-09, 68.0
2013-09-10, 110.0
2013-09-11, 161.0
2013-09-12, 54.0
2013-09-13, 97.0
2013-09-14, 64.0
2013-09-15, 71.0
2013-09-16, 219.0
2013-09-17, 28.0
2013-09-18, 42.0
2013-09-19, 175.0
2013-09-20, 33.0
2013-09-21, 116.0
2013-09-22, 104.0
2013-09-23, 175.0
2013-09-24, 271.0
2013-09-25, 191.0
2013-09-26, 179.0
2013-09-27, 70.0
2013-09-28, 217.0
2013-09-29, 235.0
2013-09-30, 155.0
2013-10-01, 197.0
2013-10-02, 152.0
2013-10-03, 147.0
2013-10-04, 140.0
2013-10-05, 202.0
2013-10-06, 79.0
2013-10-07, 187.0
2013-10-08, 216.0
2013-10-09, 184.0
2013-10-10, 222.0
2013-10-11, 23.0
2013-10-12, 126.0
2013-10-13, 124.0
2013-10-14, 71.0
2013-10-15, 146.0
2013-10-16, 120.0
2013-10-17, 201.0
2013-10-18, 139.0
2013-10-19, 169.0
2013-10-20, 158.0
2013-10-21, 261.0
2013-10-22, 270.0
2013-10-23, 218.0
2013-10-24, 207.0
2013-10-25, 140.0
2013-10-26, 61.0
2013-10-27, 272.0
2013-10-28, 241.0
2013-10-29, 268.0
2013-10-30, 226.0
2013-10-31, 102.0
2013-11-01, 159.0
2013-11-02, 118.0
2013-11-03, 119.0
2013-11-04, 265.0
2013-11-05, 242.0
2013-11-06, 156.0
2013-11-07, 127.0
2013-11-08, 139.0
2013-11-09, 27.0
2013-11-10, 104.0
2013-11-11, 48.0
2013-11-12, 67.0
2013-11-13, 96.0
2013-11-14, 263.0
2013-11-15, 91.0
2013-11-16, 210.0
2013-11-17, 246.0
2013-11-18, 119.0
2013-11-19, 239.0
2013-11-20, 49.0
2013-11-21, 157.0
2013-11-22, 27.0
2013-11-23, 106.0
2013-11-24, 190.0
2013-11-25, 216.0
2013-11-26, 67.0
2013-11-27, 117.0
2013-11-28, 242.0
2013-11-29, 121.0
2013-11-30, 180.0
2013-12-01, 122.0
2013-12-02, 107.0
2013-12-03, 132.0
2013-12-04, 67.0
2013-12-05, 97.0
2013-12-06, 189.0
2013-12-07, 12.0
2013-12-08, 212.0
2013-12-09, 227.0
2013-12-10, 222.0
2013-12-11, 247.0
2013-12-12, 253.0
2013-12-13, 219.0
2013-12-14, 160.0
2013-12-15, 152.0
2013-12-16, 202.0
2013-12-17, 246.0
2013-12-18, 107.0
2013-12-19, 89.0
2013-12-20, 152.0
2013-12-21, 245.0
2013-12-22, 177.0
2013-12-23, 250.0
2013-12-24, 88.0
2013-12-25, 231.0
2013-12-26, 158.0
2013-12-27, 253.0
2013-12-28, 136.0
2013-12-29, 179.0
2013-12-30, 110.0
2013-12-31, 73.0
2014-01-01, 154.0
2014-01-02, 153.0
2014-01-03, 210.0
2014-01-04, 200.0
2014-01-05, 144.0
2014-01-06, 242.0
2014-01-07, 201.0
2014-01-08, 127.0
2014-01-09, 25.0
2014-01-10, 39.0
2014-01-11, 251.0
2014-01-12, 130.0
2014-01-13, 113.0
2014-01-14, 157.0
2014-01-15, 111.0
2014-01-16, 228.0
2014-01-17, 102.0
2014-01-18, 75.0
2014-01-19, 178.0
2014-01-20, 60.0
2014-01-21, 177.0
2014-01-22, 121.0
2014-01-23, 171.0
2014-01-24, 199.0
2014-01-25, 130.0
2014-01-26, 62.0
2014-01-27, 45.0
2014-01-28, 225.0
2014-01-29, 185.0
2014-01-30, 124.0
2014-01-31, 136.0
2014-02-01, 186.0
2014-02-02, 254.0
2014-02-03, 233.0
2014-02-04, 69.0
2014-02-05, 132.0
2014-02-06, 154.0
2014-02-07, 260.0
2014-02-08, 208.0
2014-02-09, 35.0
2014-02-10, 108.0
2014-02-11, 72.0
2014-02-12, 154.0
2014-02-13, 130.0
2014-02-14, 12.0
2014-02-15, 151.0
2014-02-16, 172.0
2014-02-17, 85.0
2014-02-18, 63.0
2014-02-19, 190.0
2014-02-20, 188.0
2014-02-21, 179.0
2014-02-22, 191.0
2014-02-23, 226.0
2014-02-24, 38.0
2014-02-25, 175.0
2014-02-26, 170.0
2014-02-27, 185.0
2014-02-28, 121.0
2014-03-01, 2.0
2014-03-02, 176.0
2014-03-03, 153.0
2014-03-04, 127.0
2014-03-05, 64.0
2014-03-06, 201.0
2014-03-07, 116.0
2014-03-08, 135.0
2014-03-09, 211.0
2014-03-10, 142.0
2014-03-11, 118.0
2014-03-12, 171.0
2014-03-13, 121.0
2014-03-14, 207.0
2014-03-15, 90.0
2014-03-16, 35.0
2014-03-17, 267.0
2014-03-18, 102.0
2014-03-19, 182.0
2014-03-20, 188.0
2014-03-21, 85.0
2014-03-22, 127.0
2014-03-23, 129.0
2014-03-24, 256.0
2014-03-25, 199.0
2014-03-26, 72.0
2014-03-27, 228.0
2014-03-28, 136.0
2014-03-29, 178.0
2014-03-30, 76.0
2014-03-31, 142.0
2014-04-01, 227.0
2014-04-02, 215.0
2014-04-03, 128.0
2014-04-04, 266.0
2014-04-05, 184.0
2014-04-06, 228.0
2014-04-07, 236.0
2014-04-08, 172.0
2014-04-09, 255.0
2014-04-10, 125.0
2014-04-11, 205.0
2014-04-12, 111.0
2014-04-13, 106.0
2014-04-14, 162.0
2014-04-15, 95.0
2014-04-16, 173.0
2014-04-17, 60.0
2014-04-18, 178.0
2014-04-19, 99.0
2014-04-20, 204.0
2014-04-21, 176.0
2014-04-22, 92.0
2014-04-23, 81.0
2014-04-24, 166.0
2014-04-25, 236.0
2014-04-26, 225.0
2014-04-27, 100.0
2014-04-28, 82.0
2014-04-29, 157.0
2014-04-30, 58.0
2014-05-01, 138.0
2014-05-02, 155.0
2014-05-03, 215.0
2014-05-04, 232.0
2014-05-05, 144.0
2014-05-06, 172.0
2014-05-07, 69.0
2014-05-08, 94.0
2014-05-09, 56.0
2014-05-10, 157.0
2014-05-11, 137.0
2014-05-12, 102.0
2014-05-13, 33.0
2014-05-14, 53.0
2014-05-15, 58.0
2014-05-16, 63.0
2014-05-17, 108.0
2014-05-18, 77.0
2014-05-19, 200.0
2014-05-20, 176.0
2014-05-21, 203.0
2014-05-22, 47.0
2014-05-23, 65.0
2014-05-24, 273.0
2014-05-25, 98.0
2014-05-26, 92.0
2014-05-27, 263.0
2014-05-28, 125.0
2014-05-29, 49.0
2014-05-30, 59.0
2014-05-31, 263.0
2014-06-01, 82.0
2014-06-02, 94.0
2014-06-03, 203.0
2014-06-04, 147.0
2014-06-05, 223.0
2014-06-06, 254.0
2014-06-07, 140.0
2014-06-08, 219.0
2014-06-09, 237.0
2014-06-10, 146.0
2014-06-11, 93.0
2014-06-12, 183.0
2014-06-13, 154.0
2014-06-14, 173.0
2014-06-15, 180.0
2014-06-16, 63.0
2014-06-17, 47.0
2014-06-18, 177.0
2014-06-19, 77.0
2014-06-20, 100.0
2014-06-21, 79.0
2014-06-22, 37.0
2014-06-23, 203.0
2014-06-24, 217.0
2014-06-25, 166.0
2014-06-26, 161.0
2014-06-27, 98.0
2014-06-28, 112.0
2014-06-29, 207.0
2014-06-30, 260.0
2014-07-01, 258.0
2014-07-02, 219.0
2014-07-03, 219.0
2014-07-04, 86.0
2014-07-05, 67.0
2014-07-06, 90.0
2014-07-07, 91.0
2014-07-08, 156.0
2014-07-09, 53.0
2014-07-10, 219.0
2014-07-11, 148.0
2014-07-12, 71.0
2014-07-13, 121.0
2014-07-14, 250.0
2014-07-15, 100.0
2014-07-16, 131.0
2014-07-17, 71.0
2014-07-18, 48.0
2014-07-19, 141.0
2014-07-20, 77.0
2014-07-21, 66.0
2014-07-22, 102.0
2014-07-23, 215.0
2014-07-24, 233.0
2014-07-25, 212.0
2014-07-26, 112.0
2014-07-27, 103.0
2014-07-28, 254.0
2014-07-29, 219.0
2014-07-30, 53.0
2014-07-31, 218.0
2014-08-01, 153.0
2014-08-02, 99.0
2014-08-03, 168.0
2014-08-04, 192.0
2014-08-05, 131.0
2014-08-06, 233.0
2014-08-07, 45.0
2014-08-08, 112.0
2014-08-09, 164.0
2014-08-10, 197.0
2014-08-11, 75.0
2014-08-12, 132.0
2014-08-13, 125.0
2014-08-14, 241.0
2014-08-15, 247.0
2014-08-16, 72.0
2014-08-17, 154.0
2014-08-18, 23.0
2014-08-19, 139.0
2014-08-20, 182.0
2014-08-21, 193.0
2014-08-22, 56.0
2014-08-23, 189.0
2014-08-24, 234.0
2014-08-25, 244.0
2014-08-26, 216.0
2014-08-27, 153.0
2014-08-28, 157.0
2014-08-29, 223.0
2014-08-30, 102.0
2014-08-31, 133.0
2014-09-01, 216.0
2014-09-02, 149.0
2014-09-03, 60.0
2014-09-04, 188.0
2014-09-05, 215.0
2014-09-06, 65.0
2014-09-07, 175.0
2014-09-08, 116.0
2014-09-09, 158.0
2014-09-10, 193.0
2014-09-11, 123.0
2014-09-12, 224.0
2014-09-13, 211.0
2014-09-14, 241.0
2014-09-15, 251.0
2014-09-16, 134.0
2014-09-17, 63.0
2014-09-18, 261.0
2014-09-19, 242.0
2014-09-20, 108.0
2014-09-21, 209.0
2014-09-22, 142.0
2014-09-23, 107.0
2014-09-24, 117.0
2014-09-25, 159.0
2014-09-26, 207.0
2014-09-27, 34.0
2014-09-28, 181.0
2014-09-29, 275.0
2014-09-30, 133.0
2014-10-01, 81.0
2014-10-02, 7.0
2014-10-03, 93.0
2014-10-04, 209.0
2014-10-05, 95.0
2014-10-06, 52.0
2014-10-07, 204.0
2014-10-08, 189.0
2014-10-09, 93.0
2014-10-10, 94.0
2014-10-11, 161.0
2014-10-12, 53.0
2014-10-13, 190.0
2014-10-14, 74.0
2014-10-15, 125.0
2014-10-16, 132.0
2014-10-17, 99.0
2014-10-18, 48.0
2014-10-19, 161.0
2014-10-20, 234.0
2014-10-21, 149.0
2014-10-22, 220.0
2014-10-23, 52.0
2014-10-24, 166.0
2014-10-25, 133.0
2014-10-26, 195.0
2014-10-27, 200.0
2014-10-28, 189.0
2014-10-29, 241.0
2014-10-30, 211.0
2014-10-31, 155.0
2014-11-01, 230.0
2014-11-02, 168.0
2014-11-03, 101.0
2014-11-04, 200.0
2014-11-05, 201.0
2014-11-06, 187.0
2014-11-07, 98.0
2014-11-08, 52.0
2014-11-09, 142.0
2014-11-10, 25.0
2014-11-11, 102.0
2014-11-12, 188.0
2014-11-13, 54.0
2014-11-14, 185.0
2014-11-15, 120.0
2014-11-16, 251.0
2014-11-17, 263.0
2014-11-18, 55.0
2014-11-19, 204.0
2014-11-20, 170.0
2014-11-21, 209.0
2014-11-22, 73.0
2014-11-23, 182.0
2014-11-24, 217.0
2014-11-25, 138.0
2014-11-26, 274.0
2014-11-27, 164.0
2014-11-28, 121.0
2014-11-29, 89.0
2014-11-30, 144.0
2014-12-01, 133.0
2014-12-02, 176.0
2014-12-03, 146.0
2014-12-04, 197.0
2014-12-05, 208.0
2014-12-06, 151.0
2014-12-07, 199.0
2014-12-08, 115.0
2014-12-09, 216.0
2014-12-10, 252.0
2014-12-11, 102.0
2014-12-12, 102.0
2014-12-13, 179.0
2014-12-14, 177.0
2014-12-15, 182.0
2014-12-16, 158.0
2014-12-17, 86.0
2014-12-18, 239.0
2014-12-19, 151.0
2014-12-20, 137.0
2014-12-21, 235.0
2014-12-22, 212.0
2014-12-23, 77.0
2014-12-24, 99.0
2014-12-25, 180.0
2014-12-26, 120.0
2014-12-27, 108.0
2014-12-28, 209.0
2014-12-29, 132.0
2014-12-30, 125.0
2014-12-31, 214.0
2015-01-01, 25.0
2015-01-02, 213.0
2015-01-03, 66.0
2015-01-04, 237.0
2015-01-05, 218.0
2015-01-06, 229.0
2015-01-07, 188.0
2015-01-08, 77.0
2015-01-09, 197.0
2015-01-10, 195.0
2015-01-11, 39.0
2015-01-12, 31.0
2015-01-13, 123.0
2015-01-14, 136.0
2015-01-15, 242.0
2015-01-16, 173.0
2015-01-17, 253.0
2015-01-18, 161.0
2015-01-19, 141.0
2015-01-20, 104.0
2015-01-21, 98.0
2015-01-22, 60.0
2015-01-23, 120.0
2015-01-24, 107.0
2015-01-25, 236.0
2015-01-26, 227.0
2015-01-27, 159.0
2015-01-28, 216.0
2015-01-29, 151.0
2015-01-30, 227.0
2015-01-31, 218.0
2015-02-01, 171.0
2015-02-02, 216.0
2015-02-03, 208.0
2015-02-04, 216.0
2015-02-05, 105.0
2015-02-06, 90.0
2015-02-07, 218.0
2015-02-08, 256.0
2015-02-09, 206.0
2015-02-10, 109.0
2015-02-11, 84.0
2015-02-12, 161.0
2015-02-13, 214.0
2015-02-14, 72.0
2015-02-15, 154.0
2015-02-16, 21.0
2015-02-17, 93.0
2015-02-18, 219.0
2015-02-19, 228.0
2015-02-20, 215.0
2015-02-21, 128.0
2015-02-22, 192.0
2015-02-23, 133.0
2015-02-24, 73.0
2015-02-25, 177.0
2015-02-26, 229.0
2015-02-27, 151.0
2015-02-28, 97.0
2015-03-01, 192.0
2015-03-02, 128.0
2015-03-03, 193.0
2015-03-04, 243.0
2015-03-05, 117.0
2015-03-06, 173.0
2015-03-07, 188.0
2015-03-08, 111.0
2015-03-09, 172.0
2015-03-10, 203.0
2015-03-11, 86.0
2015-03-12, 207.0
2015-03-13, 183.0
2015-03-14, 210.0
2015-03-15, 265.0
2015-03-16, 100.0
2015-03-17, 111.0
2015-03-18, 161.0
2015-03-19, 168.0
2015-03-20, 244.0
2015-03-21, 26.0
2015-03-22, 84.0
2015-03-23, 208.0
2015-03-24, 36.0
2015-03-25, 129.0
2015-03-26, 136.0
2015-03-27, 67.0
2015-03-28, 181.0
2015-03-29, 205.0
2015-03-30, 89.0
2015-03-31, 194.0
2015-04-01, 46.0
2015-04-02, 142.0
2015-04-03, 147.0
2015-04-04, 137.0
2015-04-05, 133.0
2015-04-06, 177.0
2015-04-07, 156.0
2015-04-08, 175.0
2015-04-09, 99.0
2015-04-10, 129.0
2015-04-11, 113.0
2015-04-12, 79.0
2015-04-13, 262.0
2015-04-14, 192.0
2015-04-15, 57.0
2015-04-16, 183.0
2015-04-17, 144.0
2015-04-18, 119.0
2015-04-19, 117.0
2015-04-20, 115.0
2015-04-21, 75.0
2015-04-22, 228.0
2015-04-23, 240.0
2015-04-24, 193.0
2015-04-25, 15.0
2015-04-26, 118.0
2015-04-27, 218.0
2015-04-28, 206.0
2015-04-29, 88.0
2015-04-30, 123.0
2015-05-01, 136.0
2015-05-02, 148.0
2015-05-03, 134.0
2015-05-04, 165.0
2015-05-05, 148.0
2015-05-06, 117.0
2015-05-07, 93.0
2015-05-08, 66.0
2015-05-09, 81.0
2015-05-10, 257.0
2015-05-11, 167.0
2015-05-12, 58.0
2015-05-13, 236.0
2015-05-14, 105.0
2015-05-15, 127.0
2015-05-16, 188.0
2015-05-17, 271.0
2015-05-18, 171.0
2015-05-19, 139.0
2015-05-20, 84.0
2015-05-21, 152.0
2015-05-22, 219.0
2015-05-23, 99.0
2015-05-24, 114.0
2015-05-25, 90.0
2015-05-26, 225.0
2015-05-27, 130.0
2015-05-28, 189.0
2015-05-29, 153.0
2015-05-30, 128.0
2015-05-31, 198.0
2015-06-01, 130.0
2015-06-02, 61.0
2015-06-03, 205.0
2015-06-04, 254.0
2015-06-05, 79.0
2015-06-06, 232.0
2015-06-07, 16.0
2015-06-08, 104.0
2015-06-09, 169.0
2015-06-10, 242.0
2015-06-11, 157.0
2015-06-12, 51.0
2015-06-13, 122.0
2015-06-14, 267.0
2015-06-15, 63.0
2015-06-16, 108.0
2015-06-17, 210.0
2015-06-18, 72.0
2015-06-19, 235.0
2015-06-20, 221.0
2015-06-21, 108.0
2015-06-22, 219.0
2015-06-23, 114.0
2015-06-24, 186.0
2015-06-25, 214.0
2015-06-26, 190.0
2015-06-27, 178.0
2015-06-28, 140.0
2015-06-29, 187.0
2015-06-30, 216.0
2015-07-01, 111.0
2015-07-02, 134.0
2015-07-03, 268.0
2015-07-04, 133.0
2015-07-05, 110.0
2015-07-06, 128.0
2015-07-07, 235.0
2015-07-08, 154.0
2015-07-09, 22.0
2015-07-10, 147.0
2015-07-11, 137.0
2015-07-12, 87.0
2015-07-13, 247.0
2015-07-14, 180.0
2015-07-15, 99.0
2015-07-16, 219.0
2015-07-17, 27.0
2015-07-18, 15.0
2015-07-19, 115.0
2015-07-20, 204.0
2015-07-21, 145.0
2015-07-22, 104.0
2015-07-23, 178.0
2015-07-24, 69.0
2015-07-25, 109.0
2015-07-26, 119.0
2015-07-27, 70.0
2015-07-28, 164.0
2015-07-29, 94.0
2015-07-30, 177.0
2015-07-31, 169.0
2015-08-01, 193.0
2015-08-02, 24.0
2015-08-03, 23.0
2015-08-04, 144.0
2015-08-05, 172.0
2015-08-06, 88.0
2015-08-07, 40.0
2015-08-08, 97.0
2015-08-09, 214.0
2015-08-10, 86.0
2015-08-11, 139.0
2015-08-12, 223.0
2015-08-13, 104.0
2015-08-14, 231.0
2015-08-15, 61.0
2015-08-16, 239.0
2015-08-17, 134.0
2015-08-18, 164.0
2015-08-19, 61.0
2015-08-20, 60.0
2015-08-21, 92.0
2015-08-22, 177.0
2015-08-23, 94.0
2015-08-24, 147.0
2015-08-25, 189.0
2015-08-26, 180.0
2015-08-27, 133.0
2015-08-28, 116.0
2015-08-29, 131.0
2015-08-30, 41.0
2015-08-31, 168.0
2015-09-01, 111.0
2015-09-02, 90.0
2015-09-03, 119.0
2015-09-04, 137.0
2015-09-05, 192.0
2015-09-06, 100.0
2015-09-07, 245.0
2015-09-08, 126.0
2015-09-09, 189.0
2015-09-10, 231.0
2015-09-11, 89.0
2015-09-12, 202.0
2015-09-13, 146.0
2015-09-14, 215.0
2015-09-15, 219.0
2015-09-16, 28.0
2015-09-17, 128.0
2015-09-18, 207.0
2015-09-19, 182.0
2015-09-20, 127.0
2015-09-21, 87.0
2015-09-22, 125.0
2015-09-23, 76.0
2015-09-24, 227.0
2015-09-25, 60.0
2015-09-26, 105.0
2015-09-27, 142.0
2015-09-28, 79.0
2015-09-29, 165.0
2015-09-30, 165.0
2015-10-01, 183.0
2015-10-02, 115.0
2015-10-03, 155.0
2015-10-04, 70.0
2015-10-05, 178.0
2015-10-06, 230.0
2015-10-07, 131.0
2015-10-08, 107.0
2015-10-09, 210.0
2015-10-10, 90.0
2015-10-11, 248.0
2015-10-12, 32.0
2015-10-13, 33.0
2015-10-14, 93.0
2015-10-15, 213.0
2015-10-16, 176.0
2015-10-17, 129.0
2015-10-18, 166.0
2015-10-19, 266.0
2015-10-20, 192.0
2015-10-21, 189.0
2015-10-22, 155.0
2015-10-23, 143.0
2015-10-24, 241.0
2015-10-25, 102.0
2015-10-26, 36.0
2015-10-27, 171.0
2015-10-28, 197.0
2015-10-29, 52.0
2015-10-30, 201.0
2015-10-31, 195.0
2015-11-01, 132.0
2015-11-02, 28.0
2015-11-03, 107.0
2015-11-04, 110.0
2015-11-05, 41.0
2015-11-06, 202.0
2015-11-07, 12.0
2015-11-08, 112.0
2015-11-09, 181.0
2015-11-10, 103.0
2015-11-11, 204.0
2015-11-12, 175.0
2015-11-13, 127.0
2015-11-14, 237.0
2015-11-15, 189.0
2015-11-16, 127.0
2015-11-17, 47.0
2015-11-18, 226.0
2015-11-19, 177.0
2015-11-20, 190.0
2015-11-21, 40.0
2015-11-22, 61.0
2015-11-23, 82.0
2015-11-24, 89.0
2015-11-25, 110.0
2015-11-26, 197.0
2015-11-27, 56.0
2015-11-28, 150.0
2015-11-29, 68.0
2015-11-30, 129.0
2015-12-01, 85.0
2015-12-02, 53.0
2015-12-03, 122.0
2015-12-04, 205.0
2015-12-05, 232.0
2015-12-06, 278.0
2015-12-07, 239.0
2015-12-08, 136.0
2015-12-09, 241.0
2015-12-10, 215.0
2015-12-11, 207.0
2015-12-12, 92.0
2015-12-13, 143.0
2015-12-14, 120.0
2015-12-15, 52.0
2015-12-16, 42.0
2015-12-17, 90.0
2015-12-18, 140.0
2015-12-19, 187.0
2015-12-20, 87.0
2015-12-21, 207.0
2015-12-22, 155.0
2015-12-23, 119.0
2015-12-24, 124.0
2015-12-25, 196.0
2015-12-26, 181.0
2015-12-27, 133.0
2015-12-28, 98.0
2015-12-29, 82.0
2015-12-30, 155.0
2015-12-31, 177.0
2016-01-01, 213.0
2016-01-02, 116.0
2016-01-03, 111.0
2016-01-04, 113.0
2016-01-05, 234.0
2016-01-06, 260.0
2016-01-07, 91.0
2016-01-08, 153.0
2016-01-09, 52.0
2016-01-10, 213.0
2016-01-11, 180.0
2016-01-12, 127.0
2016-01-13, 276.0
2016-01-14, 152.0
2016-01-15, 97.0
2016-01-16, 99.0
2016-01-17, 174.0
2016-01-18, 196.0
2016-01-19, 181.0
2016-01-20, 117.0
2016-01-21, 72.0
2016-01-22, 213.0
2016-01-23, 204.0
2016-01-24, 118.0
2016-01-25, 96.0
2016-01-26, 80.0
2016-01-27, 215.0
2016-01-28, 121.0
2016-01-29, 101.0
2016-01-30, 145.0
2016-01-31, 247.0
2016-02-01, 90.0
2016-02-02, 53.0
2016-02-03, 98.0
2016-02-04, 227.0
2016-02-05, 81.0
2016-02-06, 133.0
2016-02-07, 161.0
2016-02-08, 85.0
2016-02-09, 147.0
2016-02-10, 165.0
2016-02-11, 145.0
2016-02-12, 158.0
2016-02-13, 217.0
2016-02-14, 122.0
2016-02-15, 267.0
2016-02-16, 19.0
2016-02-17, 74.0
2016-02-18, 113.0
2016-02-19, 130.0
2016-02-20, 281.0
2016-02-21, 210.0
2016-02-22, 102.0
2016-02-23, 172.0
2016-02-24, 275.0
2016-02-25, 177.0
2016-02-26, 159.0
2016-02-27, 250.0
2016-02-28, 183.0
2016-02-29, 220.0
2016-03-01, 189.0
2016-03-02, 186.0
2016-03-03, 144.0
2016-03-04, 159.0
2016-03-05, 61.0
2016-03-06, 161.0
2016-03-07, 139.0
2016-03-08, 201.0
2016-03-09, 219.0
2016-03-10, 52.0
2016-03-11, 208.0
2016-03-12, 202.0
2016-03-13, 249.0
2016-03-14, 123.0
2016-03-15, 88.0
2016-03-16, 250.0
2016-03-17, 36.0
2016-03-18, 112.0
2016-03-19, 245.0
2016-03-20, 219.0
2016-03-21, 142.0
2016-03-22, 157.0
2016-03-23, 69.0
2016-03-24, 156.0
2016-03-25, 183.0
2016-03-26, 104.0
2016-03-27, 27.0
2016-03-28, 133.0
2016-03-29, 162.0
2016-03-30, 138.0
2016-03-31, 78.0
2016-04-01, 118.0
2016-04-02, 177.0
2016-04-03, 101.0
2016-04-04, 143.0
2016-04-05, 162.0
2016-04-06, 162.0
2016-04-07, 114.0
2016-04-08, 215.0
2016-04-09, 69.0
2016-04-10, 194.0
2016-04-11, 224.0
2016-04-12, 133.0
2016-04-13, 175.0
2016-04-14, 125.0
2016-04-15, 177.0
2016-04-16, 198.0
2016-04-17, 212.0
2016-04-18, 117.0
2016-04-19, 245.0
2016-04-20, 153.0
2016-04-21, 125.0
2016-04-22, 188.0
2016-04-23, 174.0
2016-04-24, 95.0
2016-04-25, 169.0
2016-04-26, 143.0
2016-04-27, 216.0
2016-04-28, 65.0
2016-04-29, 134.0
2016-04-30, 140.0
2016-05-01, 50.0
2016-05-02, 127.0
2016-05-03, 191.0
2016-05-04, 285.0
2016-05-05, 178.0
2016-05-06, 71.0
2016-05-07, 53.0
2016-05-08, 158.0
2016-05-09, 133.0
2016-05-10, 205.0
2016-05-11, 241.0
2016-05-12, 87.0
2016-05-13, 78.0
2016-05-14, 252.0
2016-05-15, 39.0
2016-05-16, 207.0
2016-05-17, 79.0
2016-05-18, 226.0
2016-05-19, 49.0
2016-05-20, 80.0
2016-05-21, 93.0
2016-05-22, 189.0
2016-05-23, 52.0
2016-05-24, 116.0
2016-05-25, 114.0
2016-05-26, 269.0
2016-05-27, 162.0
2016-05-28, 136.0
2016-05-29, 13.0
2016-05-30, 158.0
2016-05-31, 134.0
2016-06-01, 131.0
2016-06-02, 249.0
2016-06-03, 196.0
2016-06-04, 204.0
2016-06-05, 233.0
2016-06-06, 129.0
2016-06-07, 110.0
2016-06-08, 94.0
2016-06-09, 109.0
2016-06-10, 159.0
2016-06-11, 194.0
2016-06-12, 138.0
2016-06-13, 164.0
2016-06-14, 144.0
2016-06-15, 185.0
2016-06-16, 221.0
2016-06-17, 191.0
2016-06-18, 95.0
2016-06-19, 238.0
2016-06-20, 241.0
2016-06-21, 175.0
2016-06-22, 128.0
2016-06-23, 144.0
2016-06-24, 178.0
2016-06-25, 57.0
2016-06-26, 194.0
2016-06-27, 79.0
2016-06-28, 89.0
2016-06-29, 94.0
2016-06-30, 200.0
2016-07-01, 124.0
2016-07-02, 67.0
2016-07-03, 201.0
2016-07-04, 231.0
2016-07-05, 64.0
2016-07-06, 198.0
2016-07-07, 145.0
2016-07-08, 149.0
2016-07-09, 215.0
2016-07-10, 99.0
2016-07-11, 90.0
2016-07-12, 95.0
2016-07-13, 6.0
2016-07-14, 188.0
2016-07-15, 49.0
2016-07-16, 88.0
2016-07-17, 81.0
2016-07-18, 86.0
2016-07-19, 174.0
2016-07-20, 112.0
2016-07-21, 45.0
2016-07-22, 115.0
2016-07-23, 219.0
2016-07-24, 25.0
2016-07-25, 144.0
2016-07-26, 48.0
2016-07-27, 203.0
2016-07-28, 133.0
2016-07-29, 111.0
2016-07-30, 83.0
2016-07-31, 214.0
2016-08-01, 190.0
2016-08-02, 245.0
2016-08-03, 256.0
2016-08-04, 161.0
2016-08-05, 222.0
2016-08-06, 82.0
2016-08-07, 63.0
2016-08-08, 208.0
2016-08-09, 93.0
2016-08-10, 82.0
2016-08-11, 87.0
2016-08-12, 218.0
2016-08-13, 98.0
2016-08-14, 88.0
2016-08-15, 46.0
2016-08-16, 138.0
2016-08-17, 206.0
2016-08-18, 181.0
2016-08-19, 122.0
2016-08-20, 242.0
2016-08-21, 99.0
2016-08-22, 67.0
2016-08-23, 147.0
2016-08-24, 103.0
2016-08-25, 71.0
2016-08-26, 164.0
2016-08-27, 217.0
2016-08-28, 188.0
2016-08-29, 97.0
2016-08-30, 18.0
2016-08-31, 240.0
2016-09-01, 182.0
2016-09-02, 71.0
2016-09-03, 175.0
2016-09-04, 41.0
2016-09-05, 82.0
2016-09-06, 131.0
2016-09-07, 20.0
2016-09-08, 165.0
2016-09-09, 164.0
2016-09-10, 220.0
2016-09-11, 164.0
2016-09-12, 128.0
2016-09-13, 227.0
2016-09-14, 116.0
2016-09-15, 52.0
2016-09-16, 141.0
2016-09-17, 166.0
2016-09-18, 173.0
2016-09-19, 176.0
2016-09-20, 129.0
2016-09-21, 44.0
2016-09-22, 167.0
2016-09-23, 175.0
2016-09-24, 226.0
2016-09-25, 63.0
2016-09-26, 68.0
2016-09-27, 69.0
2016-09-28, 34.0
2016-09-29, 96.0
2016-09-30, 160.0
2016-10-01, 98.0
2016-10-02, 111.0
2016-10-03, 107.0
2016-10-04, 157.0
2016-10-05, 89.0
2016-10-06, 91.0
2016-10-07, 93.0
2016-10-08, 75.0
2016-10-09, 57.0
2016-10-10, 242.0
2016-10-11, 229.0
2016-10-12, 153.0
2016-10-13, 224.0
2016-10-14, 104.0
2016-10-15, 78.0
2016-10-16, 241.0
2016-10-17, 84.0
2016-10-18, 102.0
2016-10-19, 33.0
2016-10-20, 137.0
2016-10-21, 182.0
2016-10-22, 166.0
2016-10-23, 125.0
2016-10-24, 233.0
2016-10-25, 159.0
2016-10-26, 136.0
2016-10-27, 136.0
2016-10-28, 258.0
2016-10-29, 173.0
2016-10-30, 148.0
2016-10-31, 214.0
2016-11-01, 137.0
2016-11-02, 191.0
2016-11-03, 140.0
2016-11-04, 18.0
2016-11-05, 210.0
2016-11-06, 46.0
2016-11-07, 59.0
2016-11-08, 159.0
2016-11-09, 69.0
2016-11-10, 127.0
2016-11-11, 141.0
2016-11-12, 158.0
2016-11-13, 183.0
2016-11-14, 112.0
2016-11-15, 207.0
2016-11-16, 194.0
2016-11-17, 200.0
2016-11-18, 79.0
2016-11-19, 92.0
2016-11-20, 200.0
2016-11-21, 224.0
2016-11-22, 172.0
2016-11-23, 100.0
2016-11-24, 128.0
2016-11-25, 150.0
2016-11-26, 234.0
2016-11-27, 60.0
2016-11-28, 114.0
2016-11-29, 238.0
2016-11-30, 174.0
2016-12-01, 206.0
2016-12-02, 46.0
2016-12-03, 196.0
2016-12-04, 149.0
2016-12-05, 246.0
2016-12-06, 146.0
2016-12-07, 139.0
2016-12-08, 201.0
2016-12-09, 177.0
2016-12-10, 231.0
2016-12-11, 74.0
2016-12-12, 84.0
2016-12-13, 186.0
2016-12-14, 206.0
2016-12-15, 101.0
2016-12-16, 181.0
2016-12-17, 252.0
2016-12-18, 80.0
2016-12-19, 62.0
2016-12-20, 190.0
2016-12-21, 190.0
2016-12-22, 124.0
2016-12-23, 130.0
2016-12-24, 206.0
2016-12-25, 118.0
2016-12-26, 262.0
2016-12-27, 157.0
2016-12-28, 252.0
2016-12-29, 195.0
2016-12-30, 204.0
2016-12-31, 91.0
2017-01-01, 78.0
2017-01-02, 228.0
2017-01-03, 137.0
2017-01-04, 35.0
2017-01-05, 89.0
2017-01-06, 172.0
2017-01-07, 147.0
2017-01-08, 60.0
2017-01-09, 166.0
2017-01-10, 223.0
2017-01-11, 166.0
2017-01-12, 64.0
2017-01-13, 99.0
2017-01-14, 112.0
2017-01-15, 186.0
2017-01-16, 47.0
2017-01-17, 86.0
2017-01-18, 58.0
2017-01-19, 98.0
2017-01-20, 178.0
2017-01-21, 51.0
2017-01-22, 109.0
2017-01-23, 190.0
2017-01-24, 40.0
2017-01-25, 100.0
2017-01-26, 187.0
2017-01-27, 176.0
2017-01-28, 100.0
2017-01-29, 157.0
2017-01-30, 233.0
2017-01-31, 89.0
2017-02-01, 82.0
2017-02-02, 67.0
2017-02-03, 134.0
2017-02-04, 200.0
2017-02-05, 59.0
2017-02-06, 27.0
2017-02-07, 131.0
2017-02-08, 195.0
2017-02-09, 164.0
2017-02-10, 74.0
2017-02-11, 130.0
2017-02-12, 113.0
2017-02-13, 115.0
2017-02-14, 58.0
2017-02-15, 136.0
2017-02-16, 200.0
2017-02-17, 154.0
2017-02-18, 46.0
2017-02-19, 101.0
2017-02-20, 65.0
2017-02-21, 279.0
2017-02-22, 119.0
2017-02-23, 207.0
2017-02-24, 185.0
2017-02-25, 173.0
2017-02-26, 259.0
2017-02-27, 85.0
2017-02-28, 137.0
2017-03-01, 185.0
2017-03-02, 206.0
2017-03-03, 86.0
2017-03-04, 231.0
2017-03-05, 120.0
2017-03-06, 240.0
2017-03-07, 172.0
2017-03-08, 172.0
2017-03-09, 83.0
2017-03-10, 204.0
2017-03-11, 44.0
2017-03-12, 9.0
2017-03-13, 215.0
2017-03-14, 193.0
2017-03-15, 41.0
2017-03-16, 247.0
2017-03-17, 210.0
2017-03-18, 99.0
2017-03-19, 168.0
2017-03-20, 145.0
2017-03-21, 234.0
2017-03-22, 21.0
2017-03-23, 218.0
2017-03-24, 224.0
2017-03-25, 63.0
2017-03-26, 34.0
2017-03-27, 207.0
2017-03-28, 232.0
2017-03-29, 189.0
2017-03-30, 198.0
2017-03-31, 225.0
2017-04-01, 125.0
2017-04-02, 203.0
2017-04-03, 199.0
2017-04-04, 121.0
2017-04-05, 56.0
2017-04-06, 131.0
2017-04-07, 73.0
2017-04-08, 232.0
2017-04-09, 50.0
2017-04-10, 192.0
2017-04-11, 216.0
2017-04-12, 104.0
2017-04-13, 39.0
2017-04-14, 232.0
2017-04-15, 136.0
2017-04-16, 202.0
2017-04-17, 109.0
2017-04-18, 73.0
2017-04-19, 107.0
2017-04-20, 158.0
2017-04-21, 121.0
2017-04-22, 137.0
2017-04-23, 106.0
2017-04-24, 166.0
2017-04-25, 135.0
2017-04-26, 160.0
2017-04-27, 197.0
2017-04-28, 103.0
2017-04-29, 127.0
2017-04-30, 177.0
2017-05-01, 148.0
2017-05-02, 239.0
2017-05-03, 116.0
2017-05-04, 185.0
2017-05-05, 68.0
2017-05-06, 241.0
2017-05-07, 202.0
2017-05-08, 198.0
2017-05-09, 58.0
2017-05-10, 176.0
2017-05-11, 254.0
2017-05-12, 163.0
2017-05-13, 137.0
2017-05-14, 31.0
2017-05-15, 79.0
2017-05-16, 127.0
2017-05-17, 119.0
2017-05-18, 148.0
2017-05-19, 127.0
2017-05-20, 146.0
2017-05-21, 172.0
2017-05-22, 165.0
2017-05-23, 117.0
2017-05-24, 118.0
2017-05-25, 225.0
2017-05-26, 268.0
2017-05-27, 129.0
2017-05-28, 156.0
2017-05-29, 136.0
2017-05-30, 227.0
2017-05-31, 196.0
2017-06-01, 56.0
2017-06-02, 83.0
2017-06-03, 65.0
2017-06-04, 165.0
2017-06-05, 91.0
2017-06-06, 189.0
2017-06-07, 97.0
2017-06-08, 115.0
2017-06-09, 226.0
2017-06-10, 164.0
2017-06-11, 107.0
2017-06-12, 54.0
2017-06-13, 15.0
2017-06-14, 176.0
2017-06-15, 118.0
2017-06-16, 229.0
2017-06-17, 136.0
2017-06-18, 114.0
2017-06-19, 223.0
2017-06-20, 21.0
2017-06-21, 131.0
2017-06-22, 51.0
2017-06-23, 159.0
2017-06-24, 224.0
2017-06-25, 88.0
2017-06-26, 68.0
2017-06-27, 104.0
2017-06-28, 152.0
2017-06-29, 160.0
2017-06-30, 227.0
2017-07-01, 37.0
2017-07-02, 178.0
2017-07-03, 71.0
2017-07-04, 132.0
2017-07-05, 52.0
2017-07-06, 180.0
2017-07-07, 153.0
2017-07-08, 251.0
2017-07-09, 52.0
2017-07-10, 240.0
2017-07-11, 90.0
2017-07-12, 98.0
2017-07-13, 100.0
2017-07-14, 202.0
2017-07-15, 182.0
2017-07-16, 43.0
2017-07-17, 119.0
2017-07-18, 50.0
2017-07-19, 186.0
2017-07-20, 194.0
2017-07-21, 130.0
2017-07-22, 182.0
2017-07-23, 118.0
2017-07-24, 145.0
2017-07-25, 94.0
2017-07-26, 32.0
2017-07-27, 94.0
2017-07-28, 166.0
2017-07-29, 122.0
2017-07-30, 76.0
2017-07-31, 194.0
2017-08-01, 207.0
2017-08-02, 202.0
2017-08-03, 192.0
2017-08-04, 258.0
2017-08-05, 166.0
2017-08-06, 101.0
2017-08-07, 137.0
2017-08-08, 43.0
2017-08-09, 169.0
2017-08-10, 199.0
2017-08-11, 30.0
2017-08-12, 149.0
2017-08-13, 196.0
2017-08-14, 173.0
2017-08-15, 202.0
2017-08-16, 280.0
2017-08-17, 44.0
2017-08-18, 55.0
2017-08-19, 116.0
2017-08-20, 19.0
2017-08-21, 193.0
2017-08-22, 72.0
2017-08-23, 229.0
2017-08-24, 152.0
2017-08-25, 66.0
2017-08-26, 222.0
2017-08-27, 103.0
2017-08-28, 177.0
2017-08-29, 125.0
2017-08-30, 103.0
2017-08-31, 88.0
2017-09-01, 79.0
2017-09-02, 121.0
2017-09-03, 172.0
2017-09-04, 186.0
2017-09-05, 49.0
2017-09-06, 162.0
2017-09-07, 81.0
2017-09-08, 136.0
2017-09-09, 23.0
2017-09-10, 34.0
2017-09-11, 141.0
2017-09-12, 29.0
2017-09-13, 209.0
2017-09-14, 63.0
2017-09-15, 94.0
2017-09-16, 121.0
2017-09-17, 120.0
2017-09-18, 157.0
2017-09-19, 140.0
2017-09-20, 95.0
2017-09-21, 162.0
2017-09-22, 118.0
2017-09-23, 184.0
2017-09-24, 170.0
2017-09-25, 202.0
2017-09-26, 59.0
2017-09-27, 160.0
2017-09-28, 82.0
2017-09-29, 82.0
2017-09-30, 278.0
2017-10-01, 79.0
2017-10-02, 47.0
2017-10-03, 131.0
2017-10-04, 212.0
2017-10-05, 258.0
2017-10-06, 236.0
2017-10-07, 129.0
2017-10-08, 141.0
2017-10-09, 180.0
2017-10-10, 99.0
2017-10-11, 228.0
2017-10-12, 92.0
2017-10-13, 243.0
2017-10-14, 70.0
2017-10-15, 107.0
2017-10-16, 150.0
2017-10-17, 153.0
2017-10-18, 172.0
2017-10-19, 170.0
2017-10-20, 192.0
2017-10-21, 142.0
2017-10-22, 84.0
2017-10-23, 112.0
2017-10-24, 73.0
2017-10-25, 80.0
2017-10-26, 149.0
2017-10-27, 190.0
2017-10-28, 150.0
2017-10-29, 184.0
2017-10-30, 228.0
2017-10-31, 91.0
2017-11-01, 108.0
2017-11-02, 188.0
2017-11-03, 128.0
2017-11-04, 151.0
2017-11-05, 59.0
2017-11-06, 96.0
2017-11-07, 282.0
2017-11-08, 264.0
2017-11-09, 186.0
2017-11-10, 196.0
2017-11-11, 160.0
2017-11-12, 164.0
2017-11-13, 154.0
2017-11-14, 190.0
2017-11-15, 68.0
2017-11-16, 148.0
2017-11-17, 158.0
2017-11-18, 165.0
2017-11-19, 205.0
2017-11-20, 111.0
2017-11-21, 51.0
2017-11-22, 80.0
2017-11-23, 34.0
2017-11-24, 143.0
2017-11-25, 138.0
2017-11-26, 191.0
2017-11-27, 235.0
2017-11-28, 177.0
2017-11-29, 190.0
2017-11-30, 191.0
2017-12-01, 135.0
2017-12-02, 147.0
2017-12-03, 157.0
2017-12-04, 91.0
2017-12-05, 96.0
2017-12-06, 118.0
2017-12-07, 260.0
2017-12-08, 199.0
2017-12-09, 137.0
2017-12-10, 163.0
2017-12-11, 234.0
2017-12-12, 129.0
2017-12-13, 147.0
2017-12-14, 233.0
2017-12-15, 121.0
2017-12-16, 249.0
2017-12-17, 225.0
2017-12-18, 202.0
2017-12-19, 236.0
2017-12-20, 212.0
2017-12-21, 75.0
2017-12-22, 141.0
2017-12-23, 68.0
2017-12-24, 131.0
2017-12-25, 172.0
2017-12-26, 155.0
2017-12-27, 87.0
2017-12-28, 150.0
2017-12-29, 141.0
2017-12-30, 91.0
2017-12-31, 96.0
2018-01-01, 55.0
2018-01-02, 256.0
2018-01-03, 173.0
2018-01-04, 21.0
2018-01-05, 213.0
2018-01-06, 131.0
2018-01-07, 112.0
2018-01-08, 211.0
2018-01-09, 182.0
2018-01-10, 200.0
2018-01-11, 143.0
2018-01-12, 77.0
2018-01-13, 135.0
2018-01-14, 128.0
2018-01-15, 142.0
2018-01-16, 96.0
2018-01-17, 161.0
2018-01-18, 195.0
2018-01-19, 99.0
2018-01-20, 68.0
2018-01-21, 76.0
2018-01-22, 188.0
2018-01-23, 194.0
2018-01-24, 224.0
2018-01-25, 108.0
2018-01-26, 144.0
2018-01-27, 94.0
2018-01-28, 151.0
2018-01-29, 148.0
2018-01-30, 202.0
2018-01-31, 124.0
2018-02-01, 183.0
2018-02-02, 182.0
2018-02-03, 60.0
2018-02-04, 125.0
2018-02-05, 209.0
2018-02-06, 93.0
2018-02-07, 14.0
2018-02-08, 29.0
2018-02-09, 84.0
2018-02-10, 188.0
2018-02-11, 109.0
2018-02-12, 63.0
2018-02-13, 89.0
2018-02-14, 81.0
2018-02-15, 92.0
2018-02-16, 68.0
2018-02-17, 98.0
2018-02-18, 161.0
2018-02-19, 208.0
2018-02-20, 152.0
2018-02-21, 130.0
2018-02-22, 110.0
2018-02-23, 170.0
2018-02-24, 127.0
2018-02-25, 96.0
2018-02-26, 273.0
2018-02-27, 113.0
2018-02-28, 60.0
2018-03-01, 125.0
2018-03-02, 201.0
2018-03-03, 190.0
2018-03-04, 62.0
2018-03-05, 198.0
2018-03-06, 166.0
2018-03-07, 158.0
2018-03-08, 71.0
2018-03-09, 209.0
2018-03-10, 86.0
2018-03-11, 94.0
2018-03-12, 72.0
2018-03-13, 97.0
2018-03-14, 158.0
2018-03-15, 239.0
2018-03-16, 167.0
2018-03-17, 210.0
2018-03-18, 124.0
2018-03-19, 22.0
2018-03-20, 111.0
2018-03-21, 221.0
2018-03-22, 233.0
2018-03-23, 129.0
2018-03-24, 201.0
2018-03-25, 92.0
2018-03-26, 120.0
2018-03-27, 35.0
2018-03-28, 246.0
2018-03-29, 59.0
2018-03-30, 62.0
2018-03-31, 157.0
2018-04-01, 156.0
2018-04-02, 140.0
2018-04-03, 206.0
2018-04-04, 211.0
2018-04-05, 208.0
2018-04-06, 80.0
2018-04-07, 163.0
2018-04-08, 178.0
2018-04-09, 216.0
2018-04-10, 76.0
2018-04-11, 113.0
2018-04-12, 148.0
2018-04-13, 143.0
2018-04-14, 167.0
2018-04-15, 58.0
2018-04-16, 69.0
2018-04-17, 126.0
2018-04-18, 151.0
2018-04-19, 109.0
2018-04-20, 218.0
2018-04-21, 145.0
2018-04-22, 109.0
2018-04-23, 48.0
2018-04-24, 96.0
2018-04-25, 174.0
2018-04-26, 227.0
2018-04-27, 216.0
2018-04-28, 35.0
2018-04-29, 136.0
2018-04-30, 146.0
2018-05-01, 257.0
2018-05-02, 132.0
2018-05-03, 178.0
2018-05-04, 66.0
2018-05-05, 242.0
2018-05-06, 115.0
2018-05-07, 152.0
2018-05-08, 86.0
2018-05-09, 137.0
2018-05-10, 149.0
2018-05-11, 105.0
2018-05-12, 115.0
2018-05-13, 35.0
2018-05-14, 130.0
2018-05-15, 160.0
2018-05-16, 143.0
2018-05-17, 192.0
2018-05-18, 88.0
2018-05-19, 77.0
2018-05-20, 143.0
2018-05-21, 236.0
2018-05-22, 87.0
2018-05-23, 150.0
2018-05-24, 253.0
2018-05-25, 214.0
2018-05-26, 109.0
2018-05-27, 12.0
2018-05-28, 220.0
2018-05-29, 249.0
2018-05-30, 135.0
2018-05-31, 55.0
2018-06-01, 95.0
2018-06-02, 202.0
2018-06-03, 109.0
2018-06-04, 223.0
2018-06-05, 91.0
2018-06-06, 96.0
2018-06-07, 92.0
2018-06-08, 190.0
2018-06-09, 73.0
2018-06-10, 56.0
2018-06-11, 52.0
2018-06-12, 35.0
2018-06-13, 63.0
2018-06-14, 169.0
2018-06-15, 78.0
2018-06-16, 165.0
2018-06-17, 113.0
2018-06-18, 140.0
2018-06-19, 233.0
2018-06-20, 245.0
2018-06-21, 84.0
2018-06-22, 91.0
2018-06-23, 156.0
2018-06-24, 262.0
2018-06-25, 96.0
2018-06-26, 124.0
2018-06-27, 56.0
2018-06-28, 213.0
2018-06-29, 114.0
2018-06-30, 183.0
2018-07-01, 143.0
2018-07-02, 259.0
2018-07-03, 226.0
2018-07-04, 115.0
2018-07-05, 57.0
2018-07-06, 173.0
2018-07-07, 255.0
2018-07-08, 190.0
2018-07-09, 268.0
2018-07-10, 230.0
2018-07-11, 75.0
2018-07-12, 94.0
2018-07-13, 192.0
2018-07-14, 212.0
2018-07-15, 160.0
2018-07-16, 111.0
2018-07-17, 90.0
2018-07-18, 215.0
2018-07-19, 188.0
2018-07-20, 141.0
2018-07-21, 22.0
2018-07-22, 164.0
2018-07-23, 216.0
2018-07-24, 142.0
2018-07-25, 224.0
2018-07-26, 49.0
2018-07-27, 22.0
2018-07-28, 127.0
2018-07-29, 197.0
2018-07-30, 108.0
2018-07-31, 119.0
2018-08-01, 149.0
2018-08-02, 17.0
2018-08-03, 234.0
2018-08-04, 190.0
2018-08-05, 207.0
2018-08-06, 184.0
2018-08-07, 209.0
2018-08-08, 56.0
2018-08-09, 220.0
2018-08-10, 111.0
2018-08-11, 129.0
2018-08-12, 37.0
2018-08-13, 98.0
2018-08-14, 168.0
2018-08-15, 40.0
2018-08-16, 47.0
2018-08-17, 113.0
2018-08-18, 176.0
2018-08-19, 127.0
2018-08-20, 52.0
2018-08-21, 148.0
2018-08-22, 126.0
2018-08-23, 26.0
